,2FGL,CLASS1-2FGL,2FGL-BSL,2FGL-1FGL
0,J0000.9-0748,bzb,,J0000.9-0745
1,J0001.7-4159,,,J0001.9-4158
2,J0002.7+6220,,,J0003.1+6227
3,J0004.2+2208,,,J0004.3+2207
4,J0004.7-4736,bzq,,J0004.7-4737
5,J0006.1+3821,bzq,,J0005.7+3815
6,J0007.0+7303,PSR,J0007.4+7303,J0007.0+7303
7,J0007.7+6825c,,,J0005.1+6829
8,J0007.8+4713,bzb,,
9,J0008.7-2344,bzb,,
10,J0009.0+0632,bzb,,J0008.9+0635
11,J0009.1+5030,agu,,J0009.1+5031
12,J0009.9-3206,,,
13,J0010.5+6556c,agu,,
14,J0011.3+0054,bzq,,J0011.1+0050
15,J0012.9-3954,bzb,,J0013.1-3952
16,J0013.8+1907,bzb,,
17,J0014.3-0509,,,
18,J0017.4-0018,,,J0017.7-0019
19,J0017.6-0510,bzq,J0017.4-0503,J0017.4-0510
20,J0018.5+2945,bzb,,J0018.6+2945
21,J0018.8-8154,agu,,
22,J0019.4-5645,agu,,
23,J0021.6-2551,bzb,,J0021.7-2556
24,J0022.2-1853,agu,,J0022.2-1850
25,J0022.3-5141,agu,,
26,J0022.5+0607,bzb,,J0022.5+0607
27,J0023.2+4454,bzq,,J0023.0+4453
28,J0023.5+0924,psr,,J0023.5+0930
29,J0023.9-7204,glc,J0025.1-7202,J0023.9-7204
30,J0024.5+0346,bzq,,J0024.6+0346
31,J0029.2-7043,bzb,,
32,J0030.2-4223,bzq,,J0029.9-4221
33,J0030.4+0450,PSR,J0030.3+0450,J0030.4+0451
34,J0031.0+0724,,,J0030.7+0724
35,J0032.7-5521,,,J0032.7-5519
36,J0033.5-1921,bzb,J0033.6-1921,J0033.5-1921
37,J0034.4-0534,PSR,,J0034.3-0534
38,J0035.2+1515,bzb,,J0035.1+1516
39,J0035.8+5951,bzb,J0036.7+5951,J0035.9+5951
40,J0037.8+1238,bzb,,J0038.0+1236
41,J0038.1+0015,bzb,,
42,J0038.3-2457,bzq,,J0038.4-2504
43,J0038.7-2215,,,
44,J0038.8+6259,,,J0038.6+6306
45,J0039.1+4331,,,J0039.2+4331
46,J0042.5+4114,gal,,
47,J0043.7+3426,bzq,,J0043.6+3424
48,J0044.7-3702,agu,,
49,J0045.3+2127,bzb,,J0045.3+2127
50,J0045.5+1218,agu,,
51,J0046.7-8416,bzq,,J0048.0-8412
52,J0047.0-2516,sbg,,J0047.3-2512
53,J0047.2+5657,bzb,,J0046.8+5658
54,J0047.9+2232,bzq,,J0048.0+2232
55,J0048.8-6347,,,
56,J0049.7-5738,bzq,,J0049.8-5738
57,J0050.1-0452,bzq,,J0050.0-0446
58,J0050.2+0234,bzb,,J0050.2+0235
59,J0050.6-0929,bzb,J0050.5-0928,J0050.6-0928
60,J0051.0-0648,bzq,J0051.1-0647,J0051.1-0649
61,J0051.4-6241,agu,,J0051.4-6242
62,J0055.0-2454,agu,,J0054.9-2455
63,J0056.8-2111,agu,,
64,J0057.9+3311,bzq,,J0058.0+3314
65,J0057.9-3236,bzb,,J0058.4-3235
66,J0059.0-7242e,GAL,,J0101.3-7257
67,J0059.2-0151,agu,,
68,J0059.7-5700,agu,,
69,J0100.2+0746,bzb,J0100.2+0750,J0100.2+0747
70,J0101.2-6425,PSR,,J0101.0-6423
71,J0102.2+0943,,,J0102.3+0942
72,J0102.3+4216,bzq,,J0102.2+4223
73,J0102.7+5827,bzq,,J0102.8+5827
74,J0102.9+4838,psr,,J0103.1+4840
75,J0103.5+5336,agu,,
76,J0103.8+1324,,,
77,J0105.0-2411,bzq,,J0104.4-2406
78,J0105.3+3930,bzb,,J0105.7+3930
79,J0106.5+4854,,,J0106.7+4853
80,J0108.6+0135,bzq,,J0108.6+0135
81,J0109.0+1817,bzb,,J0109.0+1816
82,J0109.9+6132,bzq,,
83,J0110.3+6805,agu,,J0110.0+6806
84,J0112.1+2245,bzb,J0112.1+2247,J0112.0+2247
85,J0112.8+3208,bzq,,J0112.9+3207
86,J0113.2-3557,bzq,,
87,J0113.7+4948,bzq,,J0113.8+4945
88,J0114.7+1326,bzq,,J0114.4+1327
89,J0115.4+0358,bzb,,J0115.7+0357
90,J0115.7+2518,bzb,,J0115.5+2519
91,J0116.0-1134,bzq,,J0115.5-1132
92,J0116.6-6153,,,
93,J0118.6-4631,,,
94,J0118.8-2142,bzq,J0118.7-2139,J0118.7-2137
95,J0120.4-2700,bzb,J0120.5-2703,J0120.5-2700
96,J0122.6+3425,,,
97,J0124.5-0621,bzb,,J0124.6-0616
98,J0124.6-2322,,,
99,J0127.2+0324,,,J0127.0+0322
100,J0128.0+6330,spp,,
101,J0128.4+4431,bzq,,J0128.6+4439
102,J0129.4+2618,,,
103,J0131.1+6121,agu,,J0131.2+6121
104,J0132.8-1654,bzq,,J0132.6-1655
105,J0133.4-4408,,,
106,J0134.4+2636,agu,,J0134.4+2632
107,J0136.5+3905,bzb,J0136.6+3903,J0136.5+3905
108,J0136.9+4751,bzq,J0137.1+4751,J0137.0+4751
109,J0137.6-2430,bzq,,J0137.5-2428
110,J0137.7+5811,agu,,J0137.8+5814
111,J0141.5-0928,bzb,,J0141.7-0929
112,J0143.6-5844,,,J0143.9-5845
113,J0144.6+2704,bzb,J0144.5+2709,J0144.6+2703
114,J0145.1-2732,bzq,J0145.1-2728,J0144.9-2732
115,J0146.6-5206,agu,,
116,J0148.6+0127,agu,,
117,J0152.6+0148,bzb,,
118,J0153.9+0823,bzb,,J0154.1+0823
119,J0154.9+4434,bzb,,J0155.0+4433
120,J0156.4+3909,agu,,
121,J0156.5-2419,agu,,
122,J0157.2-5259,agu,,J0157.0-5259
123,J0158.0-4609,bzq,,J0157.5-4613
124,J0158.3-3931,bzb,,J0158.0-3931
125,J0158.4+0107,,,
126,J0158.6+8558,,,
127,J0159.5+1046,bzb,,J0159.5+1047
128,J0159.6-2741,bzb,,J0159.7-2741
129,J0200.4-4105,,,
130,J0201.5-6626,agu,,
131,J0203.6+7235,bzb,,J0203.5+7234
132,J0204.0+3045,bzq,,J0203.5+3044
133,J0205.0+1514,agn,,J0204.5+1516
134,J0205.3-1657,bzq,J0204.8-1704,J0205.0-1702
135,J0205.4+3211,bzq,,J0205.3+3217
136,J0205.8+6448,PSR,,J0205.6+6449
137,J0206.5-1149,bzq,,
138,J0207.9-6832,agu,,
139,J0209.5-5229,bzb,,J0209.3-5229
140,J0210.7-5102,agu,J0210.8-5100,J0210.6-5101
141,J0211.2+1050,bzb,,J0211.2+1049
142,J0212.1+5318,,,J0212.3+5319
143,J0213.1+2245,bzb,,J0213.2+2244
144,J0214.5+6251c,spp,,
145,J0216.9-6630,bzb,,J0217.9-6630
146,J0217.4+0836,bzb,,J0217.2+0834
147,J0217.5-0813,bzq,,J0217.0-0829
148,J0217.7+7353,bzq,,J0217.8+7353
149,J0217.9+0143,bzq,J0217.8+0146,J0217.9+0144
150,J0218.1+4233,PSR,,J0218.1+4232
151,J0218.7+6208c,spp,,
152,J0219.1-1725,bzb,,
153,J0219.2+3641,agu,,
154,J0221.0+3555,bzq,J0220.9+3607,J0221.0+3555
155,J0221.2+2516,,,
156,J0221.3+6025c,,,
157,J0221.4+6257c,spp,,J0220.0+6257
158,J0222.0-1615,bzq,,J0222.1-1618
159,J0222.6+4302,BZB,J0222.6+4302,J0222.6+4302
160,J0222.7+6820,,,
161,J0223.0-1118,,,J0223.0-1118
162,J0224.0+6204,,,J0224.0+6201c
163,J0225.9+6154c,,,
164,J0226.1+0943,,,J0226.3+0937
165,J0226.5-4444,agu,,
166,J0227.2+6029c,,,
167,J0227.3+0203,bzb,,
168,J0227.7+2249,,,
169,J0229.3-3644,bzq,J0229.5-3640,J0229.3-3644
170,J0230.8+4031,bzq,,J0230.8+4031
171,J0233.9+6238c,,,
172,J0237.1-6136,bzq,,J0238.3-6132
173,J0237.5-3603,bzb,,J0237.5-3603
174,J0237.8+2846,bzq,J0238.4+2855,J0237.9+2848
175,J0237.9+5238,,,
176,J0238.2-3905,,,
177,J0238.6-3117,bzb,,J0238.6-3117
178,J0238.7+1637,BZB,J0238.6+1636,J0238.6+1637
179,J0239.5+1324,,,J0239.5+1324
180,J0240.5+6113,HMB,J0240.3+6113,J0240.5+6113
181,J0241.3+6548,,,
182,J0242.5+0006,sbg,,J0242.7+0007
183,J0242.9+7118,bzb,,J0243.5+7116
184,J0245.1+2406,bzq,,J0245.4+2413
185,J0245.9-4652,bzq,J0245.6-4656,J0245.9-4652
186,J0248.1+6021,PSR,,J0248.3+6021
187,J0248.5+5131,,,J0248.7+5127
188,J0248.6+8440,agu,,
189,J0250.6+1713,bzq,,J0250.4+1715
190,J0250.7+5631,agu,,J0251.5+5634
191,J0251.0+2557,,,
192,J0252.7-2218,bzq,,J0252.8-2219
193,J0253.4+3218,agu,,
194,J0253.5+5107,bzq,,J0254.2+5107
195,J0253.9+5908,,,
196,J0257.7-1213,bzq,,J0257.8-1204
197,J0257.9+2025c,bzb,,J0258.0+2033
198,J0259.5+0740,bzq,,J0259.5+0743
199,J0302.7-7919,bzq,,
200,J0303.4-2407,bzb,J0303.7-2410,J0303.5-2406
201,J0303.5+4713,bzb,,J0303.1+4711
202,J0303.5-6209,bzq,,J0303.4-6209
203,J0303.5+6822,agu,,
204,J0304.5-2836,bzb,,
205,J0305.0-1602,,,J0305.2-1601
206,J0307.4+4915,,,J0307.5+4916
207,J0308.3+7442,psr,,J0308.6+7442
208,J0308.7+5954,,,
209,J0309.1+1027,bzq,,
210,J0309.3-0743,agu,,
211,J0310.0-6058,bzq,,J0310.1-6058
212,J0310.2-5013,,,
213,J0310.7+3813,bzq,,J0310.6+3812
214,J0312.5-0914,,,
215,J0312.6+0132,bzq,,J0312.6+0131
216,J0312.8+2013,,,
217,J0314.2-5106,bzb,,J0315.6-5109
218,J0315.8-1024,bzq,,J0315.9-1033
219,J0315.8-2611,bzb,,J0315.9-2609
220,J0316.1-6434,,,J0316.3-6438
221,J0316.1+0904,bzb,,J0316.1+0904
222,J0316.6+4119,rdg,,
223,J0318.0+0255,,,J0318.1+0254
224,J0319.6+1849,bzb,,J0319.7+1847
225,J0319.8+4130,rdg,J0320.0+4131,J0319.7+4130
226,J0322.0+2336,bzb,,J0322.1+2336
227,J0322.4-3717,,,
228,J0323.6-0108,bzb,,J0323.7-0106
229,J0324.8+3408,sey,,J0325.0+3403
230,J0325.1-5635,agu,,J0325.6-5626
231,J0325.6-1650,bzb,,J0325.9-1649
232,J0326.1+2226,bzq,,J0325.9+2219
233,J0326.1+0224,bzb,,J0326.2+0222
234,J0330.3+5816c,,,
235,J0332.1+6309,,,J0332.0+6310
236,J0332.5-1118,agu,,
237,J0333.7+2918,agu,,J0333.7+2919
238,J0334.2-4008,bzb,J0334.1-4006,J0334.2-4010
239,J0334.3+6538,agu,,J0334.3+6536
240,J0334.3-3728,bzb,,J0334.4-3727
241,J0335.3-4501,,,J0335.5-4501
242,J0336.0+7504,,,J0334.2+7501
243,J0337.0+3200c,,,
244,J0338.2+1306,,,
245,J0339.2-1734,agn,,J0339.1-1734
246,J0339.4-0144,bzq,,J0339.2-0143
247,J0340.4+4131,PSR,,J0340.4+4130
248,J0340.5+5307,,,J0341.5+5304
249,J0340.6-2113,bzb,,
250,J0340.7-2421,,,
251,J0341.8+3148c,,,
252,J0342.4+3859,bzq,,J0342.2+3859
253,J0345.2-2356,,,J0345.2-2355
254,J0348.6-2750,bzq,,J0348.5-2751
255,J0350.0-2104,bzq,J0349.8-2102,J0349.9-2104
256,J0353.2+5653,,,J0352.8+5658
257,J0354.1+8010,bzb,,J0354.6+8009
258,J0357.0-4950,bzb,,J0357.1-4949
259,J0357.8+3205,PSR,J0357.5+3205,J0357.8+3205
260,J0359.1+6003,bzq,,
261,J0359.5+5410,,,J0359.5+5410
262,J0401.6-3153,bzq,,J0401.3-3152
263,J0402.0-2616,bzb,,J0402.1-2618
264,J0403.9-3604,bzq,,J0403.9-3603
265,J0404.0+3843,,,
266,J0404.6+5822,,,
267,J0405.8-1309,bzq,,J0405.6-1309
268,J0407.3-3826,bzq,J0407.6-3829,J0407.4-3827
269,J0407.7+0740,bzq,,J0407.5+0749
270,J0409.5+0509,,,
271,J0409.8-0357,,,J0409.9-0357
272,J0413.5-5332,bzq,J0412.9-5341,J0413.4-5334
273,J0414.9-0855,,,
274,J0415.2+5518,,,
275,J0416.0-4355,,,
276,J0416.7-1849,bzq,,J0416.5-1851
277,J0416.8+0105,bzb,,J0416.8+0107
278,J0418.9+6636,,,
279,J0420.9-3743,,,
280,J0422.1-0645,bzq,,J0422.0-0647
281,J0423.2-0120,BZQ,J0423.1-0112,J0423.2-0118
282,J0423.4+5612,,,
283,J0423.8+4149,bzb,,J0423.8+4148
284,J0424.3-5332,agu,,
285,J0424.7+0034,bzb,,J0424.8+0036
286,J0426.6+0509c,bzq,,J0427.5+0515
287,J0426.7+5434,,,J0426.5+5437
288,J0427.2-6705,,,
289,J0428.0-3845,,,
290,J0428.6-3756,bzb,J0428.7-3755,J0428.6-3756
291,J0430.2+3508c,,,J0430.3+3511c
292,J0430.4-2507,bzb,,J0430.4-2509
293,J0431.5+3622,,,
294,J0433.4-6029,agu,,
295,J0433.5+2905,bzb,,J0433.5+2905
296,J0433.7+3233,bzq,,J0433.5+3230
297,J0433.9-5726,,,
298,J0434.1-2014,bzb,,J0434.1-2018
299,J0435.1-2341,agu,,
300,J0436.2+6759,agu,,
301,J0437.3-4712,PSR,,J0437.2-4715
302,J0438.0-7331,,,
303,J0438.8-4521,agu,,
304,J0439.0-1252,bzq,,J0438.8-1250
305,J0439.8-1858,,,J0439.8-1857
306,J0440.1-3211,agu,,
307,J0440.4+1433,agu,,
308,J0440.5+2554c,,,
309,J0440.9+2749,bzb,,J0440.6+2748
310,J0442.7-0017,bzq,,J0442.7-0019
311,J0448.5-1633,bzb,,J0448.5-1633
312,J0448.6-2118,bzq,,
313,J0448.9+1121,bzq,,J0448.6+1118
314,J0449.4-4350,bzb,J0449.7-4348,J0449.5-4350
315,J0451.8-7011,gal,,
316,J0453.1-2807,bzq,,J0453.2-2805
317,J0455.8-6920,gal,,
318,J0456.1-4613,bzq,,J0455.6-4618
319,J0456.5+2658,agu,,
320,J0456.5-3132,bzq,,J0456.4-3132
321,J0457.0-2325,bzq,J0457.1-2325,J0457.0-2325
322,J0458.4+0654,,,J0457.9+0649
323,J0501.2-0155,bzq,,J0501.0-0200
324,J0502.5+0607,bzq,,
325,J0503.2+4643,spp,,
326,J0503.3+4517,agu,,J0503.2+4526
327,J0505.4+0419,bzb,,J0505.2+0420
328,J0505.5+0501,bzq,,
329,J0505.8-0411,bzq,,J0505.8-0416
330,J0505.9+6116,agu,,J0505.9+6121
331,J0506.5-0901,bzb,,
332,J0506.7-5435,agu,,J0506.9-5435
333,J0507.5-6102,bzq,,J0507.3-6103
334,J0508.0+6737,bzb,J0507.9+6739,J0507.9+6738
335,J0508.1-1936,agu,,
336,J0509.2+1013,bzq,,J0509.2+1015
337,J0509.4+0542,bzb,,J0509.3+0540
338,J0509.9+1802,bzq,,J0510.0+1800
339,J0512.9+4040,agu,,
340,J0515.0-4411,,,J0515.6-4404
341,J0515.5+7355,,,J0515.2+7355
342,J0515.9+1528,bzb,,J0515.9+1528
343,J0516.5-4601,bzq,,
344,J0516.7+2634,,,
345,J0516.8-6207,bzb,J0516.2-6200,J0516.7-6207
346,J0517.0+4532,bzq,,
347,J0517.5+0900,bzq,,J0517.6+0857
348,J0521.4-1736,bzq,,
349,J0521.7+2113,bzb,,J0521.7+2114
350,J0521.9+0108,bzq,,J0521.6+0103
351,J0523.0-3628,AGN,,J0522.8-3632
352,J0523.3-2530,,,J0523.5-2529
353,J0524.1+2843,,,J0524.1+2842
354,J0525.5-6011,,,
355,J0526.1-4829,bzq,,J0526.3-4829
356,J0526.6-6825e,GAL,,
357,J0526.6+2248,,,
358,J0526.6+4308,spp,,
359,J0526.8+6326,agu,,
360,J0529.2+0935,agu,,
361,J0529.3+3821,,,
362,J0530.8-0517c,bzq,,
363,J0530.8+1333,bzq,J0531.0+1331,J0531.0+1331
364,J0531.8-3831,bzq,,
365,J0531.8-8324,bzq,,J0533.0-8324
366,J0532.0-4826,agu,,
367,J0532.5-7223,agu,,
368,J0532.7+0733,bzq,,J0532.9+0733
369,J0533.0+4823,bzq,,J0533.0+4825
370,J0533.3-6651,gal,,
371,J0533.9+6759,,,J0533.9+6758
372,J0534.5+2201,PSR,J0534.6+2201,J0534.5+2200
373,J0534.8-0548c,,,
374,J0534.9-0450c,,,
375,J0536.2-3348,,,J0536.2-3348
376,J0537.7-5716,agu,,J0537.7-5717
377,J0538.1+2718,spp,,J0538.6+2717
378,J0538.5-3909,,,J0538.4-3910
379,J0538.5-0534c,,,
380,J0538.8-4405,BZB,J0538.8-4403,J0538.8-4404
381,J0539.3-0323,,,
382,J0539.3-2841,bzq,,J0539.1-2847
383,J0540.1-7554,,,
384,J0540.3+3549c,,,J0541.1+3542c
385,J0540.4+5822,agu,,
386,J0540.4-5415,bzq,,
387,J0541.8-0203c,,,J0541.9-0204c
388,J0543.2-0120c,,,
389,J0543.9-5532,bzb,,J0543.8-5531
390,J0545.6+6018,,,J0545.6+6022
391,J0547.1+0020c,,,J0547.0+0020c
392,J0547.4+3722,,,
393,J0547.5-0141c,,,
394,J0553.9+3104,spp,,J0553.9+3105
395,J0555.9-4348,,,
396,J0558.2-3837,bzb,,J0557.6-3831
397,J0558.7-7501,bzb,,J0559.2-7500
398,J0600.8-1949,,,J0600.5-2006
399,J0600.9+3839,,,J0600.9+3838
400,J0601.1-7037,bzq,,J0600.7-7037
401,J0602.3+5315,agu,,
402,J0602.7-4011,,,J0603.0-4012
403,J0604.2-4817,agu,,J0604.2-4817
404,J0605.0+0001,,,J0605.1+0005
405,J0605.3+3758,,,J0605.3+3800
406,J0607.4+4739,bzb,,J0607.2+4739
407,J0607.5-0618c,,,J0608.1-0630c
408,J0608.0-1521,bzq,,J0608.0-1521
409,J0608.0-0836,bzq,,J0608.2-0837
410,J0608.3+2037,,,J0608.3+2038c
411,J0609.4-0248,,,J0609.3-0244
412,J0609.6-1847,bzb,,
413,J0610.3-2059,PSR,,J0610.7-2059
414,J0611.0+4321,,,
415,J0611.8-6059,bzq,,
416,J0612.8+4122,bzb,,J0612.7+4120
417,J0613.8-0200,PSR,J0613.9-0202,J0613.7-0200
418,J0614.1-3329,PSR,J0614.3-3330,J0614.1-3328
419,J0616.6+2425,,,
420,J0616.9+5701,bzb,,J0616.9+5701
421,J0617.2+2234e,SNR,J0617.4+2234,J0617.2+2233
422,J0617.6-1716,bzb,,J0617.7-1718
423,J0620.8-2556,,,
424,J0621.2+2508,,,J0621.5+2508
425,J0621.9+3750,,,J0622.2+3751
426,J0622.9+3326,agu,,
427,J0625.2+4441,bzb,,J0625.4+4440
428,J0626.8-4258,,,J0626.6-4254
429,J0627.1-3528,rdg,,J0627.3-3530
430,J0628.9-6246,agu,,
431,J0629.3-2001,bzb,,J0629.6-2000
432,J0630.9-2406,bzb,,J0630.9-2406
433,J0631.5+1035,PSR,J0631.8+1034,J0631.4+1037
434,J0631.6+0640,spp,,
435,J0631.7+0428,,,
436,J0633.7+0633,PSR,J0633.5+0634,J0633.7+0632
437,J0633.8+7132,,,
438,J0633.9+1746,PSR,J0634.0+1745,J0633.9+1746
439,J0634.3+0356c,,,J0634.3+0402c
440,J0635.0-2334,bzq,,
441,J0635.5-7516,bzq,,J0636.1-7521
442,J0636.0+0554,spp,,
443,J0637.0+0416c,,,
444,J0637.8+0737,spp,,
445,J0641.1+1006c,,,
446,J0641.2+7315,,,J0639.9+7325
447,J0642.9+0319,,,
448,J0643.2+0858,bzq,J0643.2+0858,J0643.2+0859
449,J0644.2-6713,agu,,
450,J0644.6+6034,,,J0645.5+6033
451,J0647.7+0032,,,J0647.3+0031
452,J0647.7-5132,agu,,
453,J0647.8-6102,agu,,J0648.6-6052
454,J0648.7-1739,bzq,,J0648.7-1740
455,J0648.9+1516,bzb,,J0648.8+1516
456,J0649.7-3138,agu,,
457,J0650.4-1632,agu,,J0650.6-1635
458,J0650.7+2505,bzb,,J0650.7+2503
459,J0653.7+2818,,,
460,J0654.2+4514,bzq,J0654.3+4513,J0654.3+4514
461,J0654.5+5043,bzq,J0654.3+5042,J0654.4+5042
462,J0656.2-0320,bzq,,J0656.2-0321
463,J0658.4+0633,,,J0658.5+0641
464,J0659.7+1417,PSR,,J0659.8+1414
465,J0700.3+1710,agu,,
466,J0700.3-6611,bzb,J0700.0-6611,J0700.4-6611
467,J0701.7-4630,bzq,,J0702.0-4628
468,J0702.7-1951,agu,,J0702.2-1954
469,J0703.1-3912,agu,,
470,J0705.3-1043c,,,J0705.9-1051c
471,J0706.5+3744,bzb,,J0706.5+3744
472,J0706.5+7741,agu,,J0707.3+7742
473,J0706.7-4845,agu,,J0706.3-4849
474,J0708.5-1020c,,,
475,J0709.0+2236,,,
476,J0709.3-0256,agu,,
477,J0710.5+5908,bzb,,J0710.6+5911
478,J0710.8+4733,bzb,,J0711.4+4731
479,J0712.9+5032,bzb,J0712.9+5034,J0712.7+5033
480,J0713.5-0952,,,J0713.7-0950
481,J0714.0+1933,bzq,J0714.2+1934,J0714.0+1935
482,J0718.7-4320,bzb,,J0718.7-4320
483,J0719.2-5000,,,J0718.8-4958
484,J0719.3+3306,bzq,J0719.4+3302,J0719.3+3306
485,J0721.2-0223,agu,,
486,J0721.5+0404c,bzq,,J0721.4+0401
487,J0721.9+7120,bzb,J0722.0+7120,J0721.9+7120
488,J0723.9+2901,,,J0723.6+2908
489,J0725.3+1426,BZQ,,
490,J0725.6+2159,bzq,,
491,J0725.8-0549,,,
492,J0726.0-0053,agu,,J0725.9-0053
493,J0727.0-4726,bzq,,
494,J0729.9+3304,bzb,,J0730.0+3305
495,J0730.2-1141,bzq,J0730.4-1142,J0730.3-1141
496,J0730.6-6607,agu,,
497,J0733.9+5023,bzq,,
498,J0734.2-7706,agu,,J0734.1-7715
499,J0734.6-1558,PSR,,J0734.7-1557
500,J0737.1-3235,,,J0737.4-3239
501,J0737.5-8246,,,
502,J0738.0+1742,bzb,J0738.2+1738,J0738.2+1741
503,J0739.2+0138,bzq,,J0739.1+0138
504,J0742.4-2821,PSR,,J0742.8-2822
505,J0742.6+5442,bzq,,J0742.2+5443
506,J0742.7-3113,,,J0743.0-3110
507,J0744.1-2523,,,J0744.1-2523
508,J0745.0+7436,bzb,,J0745.2+7438
509,J0745.5+7910,,,
510,J0745.9+8512,,,
511,J0746.0-0222,,,
512,J0746.5-0713,agu,,J0746.5-0711
513,J0746.5-4758,agu,,
514,J0746.6+2549,bzq,,J0746.6+2548
515,J0747.2-1654,agu,,
516,J0747.5-3305,agu,,J0747.4-3303
517,J0747.7+4501,,,
518,J0748.5-2204,,,
519,J0750.6+1230,bzq,,J0750.6+1235
520,J0751.1+1809,PSR,,J0751.1+1807
521,J0753.0+5352,bzb,,J0752.8+5353
522,J0753.2-1634,,,
523,J0753.2+1937,,,
524,J0754.4-1147,bzb,,J0754.4-1147
525,J0754.8+4824,bzb,,
526,J0756.3-6433,,,
527,J0757.1+0957,bzb,,J0757.2+0956
528,J0758.0-2615c,,,
529,J0758.8-1448,,,J0758.6-1450
530,J0801.5+4401,bzb,,J0800.5+4407
531,J0802.6-0940,,,
532,J0802.7-5615,,,J0802.4-5622
533,J0803.2-0339,,,J0803.1-0339
534,J0805.2-0121,bzq,,
535,J0805.3+7535,bzb,,J0804.7+7534
536,J0805.5+6145,bzq,,J0806.2+6148
537,J0807.0-6511,,,
538,J0807.1-0543,bzb,,J0807.0-0544
539,J0808.2-0750,bzq,,J0808.2-0750
540,J0809.8+5218,bzb,,J0809.5+5219
541,J0811.1-7527,bzb,,J0811.1-7527
542,J0811.4+0149,bzb,,J0811.2+0148
543,J0812.6+6511,,,
544,J0814.0-1006,bzb,,J0814.5-1011
545,J0814.7+6429,bzb,,J0815.0+6434
546,J0816.4-1311,bzb,,J0816.4-1311
547,J0816.5+5739,bzb,,J0816.7+5739
548,J0816.7-2420,agu,,
549,J0816.9+2049,bzb,,
550,J0817.9+3238,bzb,,
551,J0818.2-0935,bzb,,J0818.0-0938
552,J0818.2+4223,bzb,J0818.3+4222,J0818.2+4222
553,J0819.3+2750,bzb,,
554,J0819.6-0803,bzb,,
555,J0821.0-4254,spp,,
556,J0823.0-4246,spp,,J0823.3-4248
557,J0823.0+4041,agu,,
558,J0823.4-4305,spp,,
559,J0824.7+3914,bzq,,
560,J0824.9+5552,bzq,J0824.9+5551,J0825.0+5555
561,J0825.9+0308,bzb,,J0825.9+0309
562,J0825.9-2229,bzb,J0826.0-2228,J0825.8-2230
563,J0825.9-3216,agu,,J0825.9-3216
564,J0830.5+2407,bzq,,J0830.5+2407
565,J0831.9+0429,bzb,,J0831.6+0429
566,J0833.1-4511e,PWN,,
567,J0834.3+4400,,,
568,J0834.3+4221,bzq,,J0834.4+4221
569,J0835.3-4510,PSR,J0835.4-4510,J0835.3-4510
570,J0838.8-2828,,,J0838.6-2828
571,J0839.4+1802,bzb,,
572,J0839.6+0059,bzq,,J0839.5+0059
573,J0839.7+3541,bzb,,
574,J0840.7+1310,rdg,,J0840.8+1310
575,J0841.3-3556,,,J0841.4-3558
576,J0841.6+7052,bzq,,J0842.2+7054
577,J0842.9-4721,spp,,
578,J0843.6+6715,,,J0843.4+6718
579,J0843.9+5312,bzb,,J0844.0+5314
580,J0844.8-5459,agu,,J0845.0-5459
581,J0844.9+6214,,,
582,J0846.0+2820,,,
583,J0846.7-4053,,,
584,J0847.0-2334,agn,,J0846.9-2334
585,J0847.2+1134,bzb,,J0847.2+1134
586,J0848.1-0703,bzb,,
587,J0848.5-4535,spp,,
588,J0848.7-4324,,,
589,J0849.0+0455,bzb,,J0848.6+0504
590,J0849.2+6606,bzb,,J0849.3+6607
591,J0849.8+4852,bzb,,J0849.9+4852
592,J0849.9-3540,agu,,J0849.6-3540
593,J0850.1-4846,,,
594,J0850.2-1212,bzq,,J0850.0-1213
595,J0851.7-4635,spp,,
596,J0852.4-5756,agu,,
597,J0853.1-3659,agu,,
598,J0853.5-4711,spp,,
599,J0854.7-4501,,,J0854.6-4504
600,J0854.8+2005,BZB,J0855.4+2009,J0854.8+2006
601,J0855.1-0712,agu,,
602,J0855.4-4625,spp,,
603,J0856.0+7136,agu,,
604,J0856.3+2058,bzb,,J0856.6+2103
605,J0856.6-1105,bzb,,J0856.6-1105
606,J0858.0-4815,,,
607,J0858.1-1952,agu,,
608,J0858.2-3129,agu,,
609,J0858.3-4333,,,
610,J0859.4-2532,,,
611,J0900.5-4441c,,,
612,J0900.9+6736,,,
613,J0901.7-4655,,,
614,J0902.4+2050,bzb,,J0902.4+2050
615,J0902.8-4741c,,,J0902.5-4731c
616,J0903.4+4651,bzq,,
617,J0903.6+4238,agn,,
618,J0904.0-4823c,,,
619,J0904.8-3513,agu,,J0904.7-3514
620,J0904.9-5735,agn,,J0905.1-5736
621,J0905.6+1357,bzb,,J0905.5+1356
622,J0906.2-0906,agu,,J0906.4-0903
623,J0907.9-4716c,,,
624,J0908.5-4913,PSR,,J0906.3-4855c
625,J0908.7-2119,,,J0908.7-2119
626,J0909.1+0121,bzq,,J0909.0+0126
627,J0909.2+2308,bzb,,J0909.2+2310
628,J0909.6+0158,bzb,J0909.7+0145,
629,J0909.7-0229,bzq,,J0909.6-0229
630,J0910.4-5050,agu,J0910.2-5044,J0910.4-5055
631,J0910.6+3329,bzb,,J0910.7+3332
632,J0910.9+2246,bzq,,J0911.0+2247
633,J0912.1+4126,bzq,,J0912.3+4127
634,J0912.5+2758,bzb,,J0912.6+2756
635,J0912.9-2102,bzb,,
636,J0913.0+1553,bzb,,
637,J0914.1-4756,,,
638,J0915.8+2932,bzb,,J0915.7+2931
639,J0917.0+3900,bzq,,
640,J0919.3-2203,,,
641,J0920.9+4441,bzq,J0921.2+4437,J0920.9+4441
642,J0921.9+2335,bzb,,J0922.0+2337
643,J0921.9+6216,bzq,,
644,J0922.2-5214c,,,
645,J0922.7+0435,agu,,
646,J0923.2+4125,bzq,,J0923.2+4121
647,J0923.5+1508,,,
648,J0924.0+2819,bzq,,J0924.2+2812
649,J0927.9-2041,bzq,,
650,J0928.8-3530,,,J0929.0-3531
651,J0929.5+5009,bzb,,J0929.4+5000
652,J0930.4+8611,bzb,,
653,J0934.0-6231,,,J0933.9-6228
654,J0934.7+3932,bzb,,J0934.5+3929
655,J0937.6+5009,bzq,,J0937.7+5005
656,J0937.9-1434,,,
657,J0939.1-1734,agu,,
658,J0940.3-2827,agu,,
659,J0940.8-6105,agu,,
660,J0941.4+2724,bzq,,J0941.2+2722
661,J0941.4+6148,bzb,,J0941.2+6149
662,J0941.9-0755,agu,,
663,J0942.8-7558,,,J0940.2-7605
664,J0945.9+5751,bzb,,J0945.6+5754
665,J0946.2+0104,bzb,,
666,J0946.5+1015,bzq,,J0946.6+1012
667,J0946.9-2541,,,
668,J0948.8+4040,bzq,,
669,J0948.8+0020,SEY,J0948.3+0019,J0949.0+0021
670,J0950.1+4554,bzb,,
671,J0952.7-3717,,,
672,J0953.1-0839,bzb,,J0953.0-0838
673,J0953.6-1504,,,J0953.6-1505
674,J0953.9-7659,,,
675,J0955.0-3949,,,J0955.2-3949
676,J0955.9+6936,sbg,,J0956.5+6938
677,J0956.9+2516,bzq,,J0956.9+2513
678,J0957.6-1350,bzq,,
679,J0957.7+5522,bzq,J0957.6+5522,J0957.7+5523
680,J0957.7+4735,bzq,,
681,J0958.6+6533,bzb,,J1000.1+6539
682,J0958.6-2446,agu,,
683,J1001.0+2913,bzb,,J1000.9+2915
684,J1003.0+2219,bzb,,
685,J1007.1-2157,bzq,,J1007.1-2157
686,J1007.7+0621,bzb,,J1007.9+0619
687,J1008.6+0028,,,
688,J1009.7-3123,bzb,,
689,J1010.7-5643c,,,
690,J1010.8-0158,bzq,,J1011.0-0156
691,J1012.1-4236,,,
692,J1012.1+0631,bzb,,J1012.2+0634
693,J1012.5+4227,bzb,,
694,J1012.6+2440,bzq,J1012.9+2435,J1012.7+2440
695,J1013.6+3434,,,
696,J1014.1+2306,bzq,,
697,J1015.1+4925,bzb,J1015.2+4927,J1015.1+4927
698,J1016.0+0513,bzq,J1015.9+0515,J1016.1+0514
699,J1016.1+5600,,,
700,J1016.2-0638,,,
701,J1016.4-4244,,,
702,J1016.5-5858,PSR,,
703,J1017.0+3531,,,J1016.2+3548
704,J1018.3-3119,bzq,,
705,J1018.6+0531,bzq,,
706,J1019.0+5915,bzb,,
707,J1019.0-5856,HMB,J1018.2-5858,
708,J1019.8+6322,bzb,,
709,J1020.0-6029,,,
710,J1021.6+8021,agu,,
711,J1022.7-5741,PSR,,
712,J1023.1-0115,bzb,,J1022.8-0115
713,J1023.5-5749c,,J1024.0-5754,
714,J1023.6+2959,bzb,,
715,J1023.6+3947,bzq,,J1023.6+3937
716,J1023.6+0040,psr,,
717,J1023.8-3248,bzq,,
718,J1023.8-4335,bzb,,J1024.0-4332
719,J1024.6-0719,PSR,,J1024.6-0718
720,J1026.3-8546,bzb,,J1028.7-8543
721,J1026.7-1749,bzb,,J1027.1-1747
722,J1027.4-5730c,,,
723,J1028.5-5819,PSR,J1028.6-5817,J1028.4-5819
724,J1029.5-2022,,,
725,J1029.9+7437,agu,,
726,J1030.4-6015,,,
727,J1031.0+5053,bzb,,J1031.0+5051
728,J1032.6+3733,bzb,,J1032.7+3737
729,J1032.9-8401,,,
730,J1033.2+4117,bzq,,J1033.2+4116
731,J1033.5-5032,,,J1033.5-5033
732,J1033.9+6050,BZQ,J1034.0+6051,J1033.8+6048
733,J1036.1-6722,,,J1036.2-6719
734,J1036.4-5828c,,,
735,J1037.5-2820,bzq,,J1037.7-2820
736,J1037.6+5712,bzb,,J1037.7+5711
737,J1038.2-2423,,,
738,J1038.6-5850c,,,
739,J1040.7+0614,,,J1040.5+0616
740,J1042.6+8053,bzq,,J1048.7+8054
741,J1043.1+2404,bzb,,J1043.1+2404
742,J1044.5-5737,PSR,,J1044.5-5737
743,J1045.0-5941,,J1045.6-5937,J1045.2-5942
744,J1045.5-2931,agu,,
745,J1046.8-6005c,,,
746,J1047.7-6216,agu,,
747,J1048.2-5831,PSR,J1047.6-5834,J1048.2-5832
748,J1048.3+7144,bzq,,J1048.8+7145
749,J1048.6+2336,,,J1048.7+2335
750,J1049.4+1551,agu,,
751,J1049.7+7240,,,J1048.5+7239
752,J1050.3-5922c,,,
753,J1051.3+3938,bzb,,
754,J1051.8+0107,bzb,,J1051.9+0106
755,J1053.6+4928,bzb,J1053.7+4926,J1053.6+4927
756,J1054.5+2212,bzb,J1054.5+2212,J1054.5+2212
757,J1056.0-5853,,,
758,J1056.2-6021,,,
759,J1057.0-8004,bzb,J1100.2-8000,J1058.1-8006
760,J1057.1+7001,bzq,,
761,J1057.9-5226,PSR,J1058.1-5225,J1057.9-5226
762,J1058.4+0133,bzb,J1057.8+0138,J1058.4+0134
763,J1058.6+5628,bzb,J1058.9+5629,J1058.6+5628
764,J1058.7-6621,,,
765,J1059.0+0222,agu,,
766,J1059.3-6118c,,,
767,J1059.3-1132,bzb,,J1059.3-1132
768,J1059.4+8113,bzq,,
769,J1059.9-2051,,,
770,J1100.9+4014,bzb,,
771,J1102.1-6308c,,,
772,J1103.4-2330,bzb,,J1103.7-2329
773,J1103.9-5356,agu,,J1103.9-5355
774,J1104.3+0729,bzb,,J1104.4+0734
775,J1104.4+3812,bzb,J1104.5+3811,J1104.4+3812
776,J1104.7-6036,,,
777,J1105.4-7622,,,
778,J1105.6-6114,,,
779,J1106.1+2814,bzq,,J1106.5+2809
780,J1106.3-3643,agu,,
781,J1107.2-4448,bzq,,
782,J1107.5+0223,bzb,,
783,J1107.8+1505,bzb,,J1107.8+1502
784,J1109.3+2414,bzb,,
785,J1110.1-1835,bzb,,J1110.2-1839
786,J1110.2+7134,bzb,,J1109.9+7134
787,J1112.1-6040,spp,,J1112.1-6041c
788,J1112.4+3450,bzq,,J1112.8+3444
789,J1112.5-6105,psr,,
790,J1115.0-0701,,,
791,J1117.2-4844,agu,,
792,J1117.2+2013,bzb,,J1117.1+2013
793,J1117.2-5341,,,J1117.0-5339
794,J1118.0+5354,bzb,,J1118.0+5354
795,J1118.1-4629,bzq,,
796,J1118.8-6128,PSR,,J1119.4-6127c
797,J1118.9-6027c,,,
798,J1120.0-2204,,,J1119.9-2205
799,J1120.4+0710,,,J1120.4+0710
800,J1121.0+4211,bzb,,J1121.0+4209
801,J1121.5-0554,bzq,,J1121.5-0554
802,J1123.3-2527,,,J1123.6-2528
803,J1124.2-3654,psr,,J1124.4-3654
804,J1124.2+2338,bzq,,J1123.9+2339
805,J1124.6-5913,PSR,,
806,J1125.0-5821,psr,,
807,J1125.2+4933,bzb,,
808,J1125.6-3559,bzb,,J1125.5-3559
809,J1126.0-0743,bzb,,J1126.0-0741
810,J1126.6-1856,bzq,,J1126.8-1854
811,J1127.6+3622,bzq,,
812,J1129.0-0532,,,J1129.2-0528
813,J1129.5+3758,,,J1129.3+3757
814,J1130.3-1448,bzq,J1129.8-1443,J1130.2-1447
815,J1130.9+5809,bzb,,
816,J1132.9+0033,bzb,,J1133.1+0033
817,J1134.4-7415,agu,,
818,J1135.2-6829,agu,,
819,J1135.3-6054,PSR,,J1134.8-6055
820,J1136.3+6736,bzb,,J1136.2+6739
821,J1136.7+7009,bzb,,J1136.6+7009
822,J1137.0+2553,bzb,,J1136.9+2551
823,J1138.8-6233c,,,
824,J1141.0+6803,,,
825,J1141.7-1404,agu,,J1141.8-1403
826,J1141.9+1550,bzb,,J1141.8+1549
827,J1142.9+0121,psr,,J1142.7+0127
828,J1143.1+6119,bzb,,
829,J1146.8-3812,bzq,J1146.7-3808,J1146.9-3812
830,J1146.9+4000,bzq,,J1146.8+4004
831,J1147.7-0724,bzq,,J1147.7-0722
832,J1150.1+2419,bzb,,J1150.2+2419
833,J1150.5+4154,bzb,,J1150.5+4152
834,J1151.5-1347,bzb,,J1151.4-1345
835,J1151.5+5857,bzb,,J1151.6+5857
836,J1152.4-0840,bzq,,J1152.2-0836
837,J1153.2+4935,BZQ,,
838,J1154.0-0010,bzb,,J1154.0-0008
839,J1154.1-3242,agu,,J1154.2-3242
840,J1154.4+6019,bzq,,J1152.1+6027
841,J1156.7-0751,,,J1156.7-0751
842,J1158.8+0939,bzb,,
843,J1159.0-2226,agu,,
844,J1159.3-2142,bzq,,J1159.4-2149
845,J1159.5+2914,bzq,J1159.2+2912,J1159.4+2914
846,J1200.0+0159,,,J1159.8+0200
847,J1203.2+6030,bzb,,J1202.9+6032
848,J1203.6-6243c,,,
849,J1204.2+1144,bzb,,J1204.4+1139
850,J1204.3-0711,bzb,,J1204.3-0714
851,J1206.0-2638,bzq,,J1205.9-2637
852,J1207.3-5055,,,J1207.0-5055
853,J1208.5-6240,,,
854,J1208.6-2257,,,
855,J1208.8+5441,bzq,,J1209.3+5444
856,J1209.6+4121,bzb,,J1209.4+4119
857,J1209.7+1807,bzq,,J1209.7+1806
858,J1213.2-2616,bzb,,
859,J1214.0-6237,snr,,J1213.7-6240c
860,J1214.1-4410,,,J1213.6-4424
861,J1214.6+1309,,,
862,J1214.8+1653,bzq,,
863,J1214.9+5004,bzb,,J1214.9+5004
864,J1217.8+3006,bzb,J1218.0+3006,J1217.7+3007
865,J1218.5-0122,bzb,,J1218.4-0128
866,J1218.8-4827,agu,,
867,J1219.2+7107,bzq,,J1221.5+7106
868,J1219.7+0201,bzq,,
869,J1219.8-0310,bzb,,J1219.8-0309
870,J1221.3+3010,bzb,,J1221.3+3008
871,J1221.4-0633,,,J1221.4-0635
872,J1221.4+2814,bzb,J1221.7+2814,J1221.5+2814
873,J1222.4+0413,bzq,,J1222.5+0415
874,J1223.3+7954,,,
875,J1223.9+8043,bzb,,J1224.8+8044
876,J1224.4+2436,bzb,,
877,J1224.9+2122,BZQ,,J1224.7+2121
878,J1225.0+4335,bzb,,J1225.8+4336
879,J1226.0+2953,,,J1226.0+2954
880,J1226.7-1331,bzb,,J1226.7-1332
881,J1226.9+4940,bzq,,
882,J1227.7-4853,,,J1227.9-4852
883,J1228.6+4857,bzq,,J1228.2+4855
884,J1228.7-8310,agu,,
885,J1229.1+0202,BZQ,J1229.1+0202,J1229.1+0203
886,J1230.2+2517,bzb,,J1230.4+2520
887,J1230.2-5258,agu,,
888,J1230.8+1224,rdg,,J1230.8+1223
889,J1231.1-6512,,,
890,J1231.2-1411,PSR,J1231.5-1410,J1231.1-1410
891,J1231.3-5112,,,J1232.2-5118
892,J1231.6+1417,bzb,,
893,J1231.7+2848,bzb,,J1231.6+2850
894,J1233.7-0145,bzb,,J1233.6-0146
895,J1234.0-5733,agu,,J1234.0-5736
896,J1236.1-6155,,,
897,J1238.1-1953,agu,,
898,J1239.5+0443,bzq,,J1239.5+0443
899,J1239.5+0728,agu,,
900,J1240.6-7151,,,J1240.3-7154
901,J1241.6-1457,bzb,,
902,J1243.1+3627,bzb,,J1243.1+3627
903,J1243.9-6232,,,
904,J1245.1+5708,bzb,,
905,J1246.7-2546,bzq,J1246.6-2544,J1246.7-2545
906,J1248.2+5820,bzb,,J1248.2+5820
907,J1248.6-5510,,,
908,J1249.5-2811,,,J1249.3-2812
909,J1249.9+3705,bzb,,J1249.8+3706
910,J1251.2+1045,,,J1251.3+1044
911,J1253.1+5302,bzb,J1253.4+5300,J1253.0+5301
912,J1254.1+6237,bzb,,J1254.0+6236
913,J1254.2-2203,,,
914,J1254.4+2209,bzb,,J1254.4+2209
915,J1255.8-5828,,,
916,J1256.1-0547,BZQ,J1256.1-0547,J1256.2-0547
917,J1256.5-1145,agn,,J1256.5-1148
918,J1257.0+3650,bzb,,J1256.9+3650
919,J1258.2+3231,bzq,,J1258.3+3227
920,J1258.4-1801,bzq,,J1258.4-1802
921,J1258.8-2223,bzq,,J1258.7-2221
922,J1259.8-3749,,,J1300.9-3745
923,J1301.5+0835,psr,,J1301.8+0837
924,J1301.6+3331,agu,,
925,J1302.4-3257,psr,,J1302.3-3255
926,J1303.1+2435,bzb,,J1303.0+2433
927,J1303.5-4622,bzq,,J1304.0-4622
928,J1303.7-6316c,,,
929,J1303.8-5537,agu,,
930,J1304.1-2415,agu,,
931,J1304.3-4353,agu,,J1304.3-4352
932,J1305.0+1152,,,
933,J1305.1-2110,agu,,
934,J1305.7+7854,bzb,,J1306.0+7852
935,J1305.8-4925,sbg,,J1305.4-4928
936,J1306.2-6044,,,J1306.4-6038
937,J1306.9-4028,,,J1307.0-4030
938,J1307.5-4300,agu,,J1307.6-4259
939,J1307.6-6704,agu,,J1307.3-6701
940,J1308.5+3547,bzq,,J1308.5+3550
941,J1309.3+1154,bzb,,J1309.2+1156
942,J1309.4+4304,bzb,,J1309.5+4304
943,J1309.6-6230c,,,J1309.9-6229c
944,J1310.6+3222,bzq,J1310.6+3220,J1310.6+3222
945,J1310.9+0036,bzb,,
946,J1311.7-3429,,J1311.9-3419,J1311.7-3429
947,J1312.0-6458,,,
948,J1312.4-2157,bzb,,J1312.4-2156
949,J1312.7+0051,psr,,J1312.6+0048
950,J1312.8+4828,bzq,,J1312.4+4827
951,J1312.9-2351,,,
952,J1313.0-0425,bzq,,
953,J1314.5-5330,agu,,J1314.9-5338
954,J1314.6+2348,bzb,,J1314.7+2346
955,J1315.6-0730,,,J1315.6-0729
956,J1315.9-3339,bzq,,J1316.1-3341
957,J1317.2-6304,,,
958,J1317.9+3426,bzq,,J1317.8+3425
959,J1318.9-1228,agu,,
960,J1320.1-5756,,,
961,J1321.1+2215,bzq,,J1321.1+2214
962,J1322.6+8313,bzq,,J1321.3+8310
963,J1322.7-0938,bzq,,J1322.7-0943
964,J1323.0+2941,agu,,J1323.1+2942
965,J1324.0-4330e,RDG,,
966,J1324.4-5411,,,
967,J1325.6-4300,RDG,J1325.4-4303,J1325.6-4300
968,J1326.4-4729,glc,,
969,J1326.7-5254,bzb,J1326.6-5302,J1327.0-5257
970,J1326.8+2210,bzq,,J1326.6+2213
971,J1328.5-4728,,,J1328.2-4729
972,J1329.2-5608,agu,J1328.8-5604,J1329.2-5605
973,J1329.3-0528,agn,,
974,J1329.5-3448,,,
975,J1329.7-6108,,,
976,J1330.1-7002,agu,,J1330.7-7006
977,J1330.9+7001,,,J1331.0+6957
978,J1332.0-0508,bzq,J1331.7-0506,J1331.9-0506
979,J1332.5-1255,bzq,,J1332.6-1255
980,J1332.7+4725,bzq,,J1332.9+4728
981,J1332.7+2726,bzq,,
982,J1333.5+5058,bzq,J1333.3+5058,J1333.2+5056
983,J1335.3-4058,,,
984,J1335.4-5658,,,
985,J1337.7-1257,bzq,,J1337.7-1255
986,J1338.9+1152,bzb,,J1338.9+1153
987,J1339.2-2348,,,
988,J1340.5-0412,,,J1340.5-0413
989,J1340.5+4407,bzb,,J1340.6+4406
990,J1341.3-2048,bzq,,J1341.1-2045
991,J1344.2-1723,bzq,,J1344.2-1723
992,J1345.4+4453,bzq,,J1345.4+4453
993,J1345.8-3356,,,
994,J1345.9+0706,bzq,,J1346.0+0703
995,J1346.0-2605,,,
996,J1346.6-6027,rdg,,
997,J1347.0-2956,,,
998,J1347.7-3752,bzq,,J1347.8-3751
999,J1349.9-6222,,,
1000,J1350.8+3035,bzq,,J1351.0+3035
1001,J1351.1+0032,bzq,,
1002,J1351.1-2749,,,
1003,J1351.3-2909,agu,,
1004,J1351.4+1115,bzb,,J1351.5+1115
1005,J1352.6-4413,bzb,,
1006,J1353.3+1435,bzb,,J1353.3+1434
1007,J1353.5-6640,,,J1353.6-6640
1008,J1354.5+3703,bzb,,
1009,J1354.7-1047,bzq,J1355.0-1044,J1354.9-1041
1010,J1356.0-6436,PSR,,
1011,J1358.0+0137,,,
1012,J1358.1+7644,bzq,,J1358.1+7646
1013,J1358.8-6027c,,,
1014,J1359.4+5541,bzq,,J1359.1+5539
1015,J1359.9-3746,bzb,,J1400.1-3743
1016,J1400.2-2412,,,
1017,J1400.6-5601,agu,,J1400.9-5559
1018,J1400.7-1438,,,
1019,J1404.0-5244,,,
1020,J1405.1+0405,bzq,,
1021,J1405.5-6121,,,J1405.1-6123c
1022,J1406.2-2510,agu,,J1406.2-2510
1023,J1407.4-2948,,,J1407.9-2928
1024,J1407.5-4257,agu,,J1407.5-4256
1025,J1407.6-5937c,,,
1026,J1408.8-0751,bzq,,J1408.9-0751
1027,J1409.9-6129,PSR,,J1410.3-6128c
1028,J1410.3+2811,bzb,,
1029,J1410.4+7411,,,
1030,J1411.9-5744,spp,,
1031,J1413.4-6204,PSR,J1413.1-6203,J1413.4-6205
1032,J1414.1-5450,,,
1033,J1415.7-6520,,,
1034,J1416.0+1323,agu,,
1035,J1416.3-2415,agu,,
1036,J1417.5-4404,,,J1417.7-4407
1037,J1417.7-5028,,,J1417.7-5030
1038,J1418.1+2539,bzb,,J1417.8+2541
1039,J1418.4-0234,bzb,,J1418.3-0235
1040,J1418.7-6058,PSR,J1418.8-6058,J1418.7-6057
1041,J1419.4+3820,bzq,,
1042,J1419.4-0835,agu,,
1043,J1419.4+7730,agu,,J1419.7+7731
1044,J1420.1-6047,PSR,,J1420.1-6048
1045,J1420.2+5422,bzb,,J1421.0+5421
1046,J1421.1-1117,agu,,
1047,J1422.3-6841,,,
1048,J1422.5-6137c,,,
1049,J1423.9-7842,,,J1424.5-7847
1050,J1424.2-1752,,,
1051,J1425.1+3615,bzb,,J1425.0+3614
1052,J1426.1+3406,bzb,,J1426.0+3403
1053,J1427.0+2347,bzb,J1427.1+2347,J1426.9+2347
1054,J1427.4-3306,bzb,,
1055,J1427.6-6048c,,,
1056,J1428.0-4206,BZQ,,J1428.2-4204
1057,J1428.6+4240,bzb,,J1428.7+4239
1058,J1430.0-5909,PSR,,J1429.9-5911
1059,J1433.8+4205,bzq,,J1433.9+4204
1060,J1435.1+2022,bzb,,
1061,J1436.9+2319,bzq,,J1436.9+2314
1062,J1437.1+5640,bzb,,J1437.0+5640
1063,J1437.2-5211,,,
1064,J1438.7+3712,bzq,,J1438.7+3711
1065,J1439.2+3932,bzb,,J1439.2+3930
1066,J1440.3-1540,bzb,,J1441.7-1538
1067,J1440.3+4948,bzb,,
1068,J1440.9+0611,bzb,,J1440.9+0613
1069,J1441.1-3304,bzq,,
1070,J1441.6-5956,spp,,J1442.0-6000c
1071,J1442.0+4352,bzb,,J1442.1+4348
1072,J1442.7+1159,bzb,,J1442.8+1158
1073,J1443.9-3908,bzb,,J1444.0-3906
1074,J1444.1+2500,bzq,,J1443.8+2457
1075,J1446.6-5753,,,
1076,J1446.8-4701,,,J1446.8-4702
1077,J1448.0+3608,bzb,,J1447.9+3608
1078,J1451.0+5159,bzb,,J1451.0+5204
1079,J1454.4+5123,bzb,,J1454.6+5125
1080,J1456.7-6247c,,,
1081,J1457.4-3540,BZQ,J1457.6-3538,J1457.5-3540
1082,J1458.5-2121,,,
1083,J1459.4-6054,PSR,J1459.4-6056,J1459.4-6053
1084,J1501.0+2238,bzb,,J1501.1+2237
1085,J1502.1+5548,,,
1086,J1502.4+4804,,,J1503.3+4759
1087,J1503.7-1541,bzb,,J1503.5-1544
1088,J1503.9-5800c,,,J1503.4-5805c
1089,J1504.3+1029,BZQ,J1504.4+1030,J1504.4+1029
1090,J1504.9-3433,bzb,,J1505.1-3435
1091,J1505.1+0324,sey,,J1505.0+0328
1092,J1506.0+3729,bzq,,J1505.8+3725
1093,J1506.6+0806,bzb,,
1094,J1506.9+1052,,,
1095,J1507.0-6223,,,
1096,J1508.5+2709,bzb,,
1097,J1508.5-4957,agu,,
1098,J1508.9-4342,bzq,,
1099,J1509.6-5850,PSR,J1509.5-5848,J1509.4-5850
1100,J1509.7+5556,bzb,,J1509.4+5602
1101,J1510.9-0545,bzq,J1511.2-0536,J1511.1-0545
1102,J1510.9-5808c,,,J1510.8-5804c
1103,J1511.8-0513,,,J1511.8-0513
1104,J1512.2+0201,bzq,,J1512.3+0201
1105,J1512.5-6247c,,,
1106,J1512.8-0906,BZQ,J1512.7-0905,J1512.8-0906
1107,J1513.5-2546,,,
1108,J1513.6-3233,bzq,,
1109,J1513.9-2256,,,
1110,J1514.0-5915e,PWN,,J1514.7-5917
1111,J1514.1-4946,psr,J1514.3-4946,J1514.1-4945
1112,J1514.6-4751,agu,,J1514.1-4745
1113,J1514.6+4449,bzq,,J1514.7+4447
1114,J1516.9+1925,bzb,,J1516.9+1928
1115,J1517.2+3645,,,
1116,J1517.7-2421,bzb,J1517.9-2423,J1517.8-2423
1117,J1518.0+6526,bzb,,J1517.8+6530
1118,J1518.2-2733,agu,,
1119,J1518.4-5233,,,J1518.0-5233
1120,J1520.8-0349,bzb,,J1521.0-0350
1121,J1520.9+4209,bzq,,J1519.7+4216
1122,J1521.8-5735,spp,,J1521.8-5734c
1123,J1522.0+4348,bzq,,
1124,J1522.1+3144,bzq,J1522.2+3143,J1522.1+3143
1125,J1522.7-2731,bzb,,J1522.6-2732
1126,J1528.0-5841,,,
1127,J1531.0+5725,,,
1128,J1535.4+3720,bzb,,
1129,J1536.4-4949,,J1536.7-4947,J1536.5-4949
1130,J1537.4-7957,agu,,
1131,J1538.1+8159,bzb,,J1536.6+8200
1132,J1539.2-3325,,,J1539.0-3328
1133,J1539.3-4636,,,
1134,J1539.5+2747,bzq,,J1539.7+2747
1135,J1540.4+1438,bzb,,
1136,J1542.9+6129,bzb,J1543.1+6130,J1542.9+6129
1137,J1543.7-0241,,,J1544.0-0252
1138,J1544.1-2554,,,
1139,J1544.5-1126,,,J1544.5-1127
1140,J1546.1+0820,bzb,,
1141,J1548.3+1453,,,J1548.6+1451
1142,J1548.8-2251,bzb,,J1548.7-2250
1143,J1549.5+0237,bzq,,J1549.3+0235
1144,J1549.7-0657,psr,,J1549.7-0659
1145,J1550.7+0526,bzq,,J1550.7+0527
1146,J1551.0-4636,,,
1147,J1551.3-5333c,,,
1148,J1551.9+0855,bzb,,J1551.7+0851
1149,J1552.8-4824,,,
1150,J1552.8-5609,spp,,J1552.4-5609
1151,J1553.2-2424,agu,,J1553.4-2425
1152,J1553.5-3116,bzb,,J1553.5-3116
1153,J1553.5+1255,bzq,J1553.4+1255,J1553.4+1255
1154,J1553.5-0324,,,
1155,J1554.4-5317c,,,J1554.8-5312c
1156,J1555.7+1111,bzb,J1555.8+1110,J1555.7+1111
1157,J1558.3+8513,agu,,
1158,J1558.6-7039,agu,,
1159,J1558.9-6428,agu,,
1160,J1559.0+5627,bzb,,J1558.9+5627
1161,J1600.7-3053,PSR,,J1600.7-3055
1162,J1601.1-4220,,,J1601.7-4217c
1163,J1602.4+2308,,,
1164,J1603.8-4904,bzb,J1604.0-4904,J1603.8-4903
1165,J1604.5-4442,agu,,J1604.7-4443
1166,J1604.6+5710,bzq,,J1604.3+5710
1167,J1607.0+1552,bzb,,J1607.1+1552
1168,J1608.5+1029,bzq,,J1609.0+1031
1169,J1610.1-4808,,,
1170,J1610.6-4002,bzq,,J1610.8-3955
1171,J1610.8-6650,bzb,,J1610.6-6649
1172,J1612.0+1403,,,
1173,J1613.4+3409,bzq,,J1613.5+3411
1174,J1614.5-2230,PSR,,
1175,J1614.8+4703,,,
1176,J1614.9-5212,,,
1177,J1615.0-5051,spp,J1615.6-5049,
1178,J1615.2-5138,,,J1614.7-5138c
1179,J1616.8-2302,glc,,
1180,J1617.3-5336,,,
1181,J1617.5-2657,,,
1182,J1617.6-2526c,agu,,
1183,J1617.6-4219,,,
1184,J1618.0-5825,,,
1185,J1618.2-7718,bzq,,J1617.9-7716
1186,J1619.0-4650,,,
1187,J1619.6-4509,,,
1188,J1619.7-5040c,,,J1619.7-5043c
1189,J1620.5-2320c,,,
1190,J1620.6-5111c,,,
1191,J1620.8-4928,,,J1620.8-4928c
1192,J1622.8-5006,,,J1622.9-5008c
1193,J1622.8-0314,,,
1194,J1623.2+4328,,,
1195,J1624.0-4941c,,,J1623.7-4943c
1196,J1624.1-4040,,,J1624.0-4041
1197,J1624.2-2124,,,
1198,J1624.4+1123,,,
1199,J1625.2-0020,,,J1625.3-0019
1200,J1625.7-2526,bzq,J1625.8-2527,J1625.7-2524
1201,J1626.0-7636,agu,,
1202,J1626.1-2948,BZQ,,J1626.2-2956
1203,J1626.4-4408,,,
1204,J1627.0-2425c,agu,J1625.9-2423,
1205,J1627.8+3219,,,J1627.6+3218
1206,J1628.1-4857c,spp,,
1207,J1628.3-3206,psr,,J1627.8-3204
1208,J1629.4+8236,rdg,,
1209,J1629.6-6141,,,J1629.5-6147
1210,J1630.1-4615,,,
1211,J1630.2-4752,,,
1212,J1630.3+3732,,,J1630.5+3735
1213,J1630.4+5218,bzb,,J1630.2+5220
1214,J1631.0-1050,,,J1630.3-1042
1215,J1631.6-2819,,,
1216,J1631.7-4720c,spp,,
1217,J1632.4-4820c,psr,,
1218,J1632.4-4753c,,,
1219,J1632.6-2328c,,,
1220,J1634.4-4743c,,,
1221,J1635.2+3810,bzq,J1635.2+3809,J1635.0+3808
1222,J1635.4-4717c,spp,,J1635.7-4715c
1223,J1636.3-4740c,,,J1636.4-4737c
1224,J1636.6-0841,,,
1225,J1637.7+4714,bzq,,J1637.9+4707
1226,J1637.9-3451,agu,,
1227,J1638.0-4703c,,,
1228,J1639.7-5504,,,
1229,J1639.8-5145,,,
1230,J1639.8-4921c,,,
1231,J1640.5-4633,spp,,J1640.8-4634c
1232,J1640.7+3945,BZQ,J1641.4+3939,
1233,J1641.0+1141,agn,,J1641.0+1143
1234,J1641.6-0614,bzb,,
1235,J1641.8-5319,,,
1236,J1642.9+3949,BZQ,,
1237,J1643.3-4928,,,
1238,J1643.5-0641,bzb,,J1643.5-0646
1239,J1645.7-2148c,,,J1645.0-2155c
1240,J1646.7-1333,,,
1241,J1647.0+4351,,,
1242,J1647.5+4950,agn,,J1647.4+4948
1243,J1648.1-4930,,,
1244,J1648.4-4612,PSR,J1648.1-4606,J1648.4-4609c
1245,J1649.2-3004,,,
1246,J1649.6+5238,bzb,,J1649.6+5241
1247,J1650.1-5044,agu,,J1650.4-5042
1248,J1650.6-4603c,,,J1651.5-4602c
1249,J1650.8+0830,bzq,,
1250,J1651.8-4439c,,,
1251,J1652.5-4351c,,,J1652.8-4350c
1252,J1653.6-0159,,J1653.4-0200,J1653.6-0158
1253,J1653.9+3945,BZB,J1653.9+3946,J1653.9+3945
1254,J1653.9-4627c,,,
1255,J1656.1-3256,bzq,,J1656.2-3257
1256,J1656.4-0738,,,
1257,J1656.5+6012,bzq,,J1656.9+6017
1258,J1656.9-2008,agu,,
1259,J1657.1-1027,agu,,J1656.9-1033
1260,J1657.5-4652,,,
1261,J1657.9+4809,bzq,,
1262,J1658.1-4743,,,
1263,J1658.4-5322,PSR,,J1658.8-5317
1264,J1659.2-0142,,,
1265,J1700.2+6831,bzq,,J1700.1+6830
1266,J1700.8-4912,,,
1267,J1701.2-3007,glc,,J1701.1-3005
1268,J1702.5-5654,,,J1702.4-5653
1269,J1703.2-6217,bzq,,J1702.7-6217
1270,J1704.3+1235,,,
1271,J1704.6-0529,,,
1272,J1704.9-4618,,,
1273,J1708.4+1003c,,,
1274,J1709.0-0821,,,
1275,J1709.7-4429,PSR,J1709.7-4428,J1709.7-4429
1276,J1709.7+4319,bzq,,J1709.6+4320
1277,J1710.0-0323,,,
1278,J1710.5-5020,,,
1279,J1712.4-3941,spp,,J1711.7-3944c
1280,J1714.0+0751,PSR,,J1713.9+0750
1281,J1714.5-3829,spp,J1714.7-3827,J1714.5-3830c
1282,J1714.8+6836,bzq,,
1283,J1715.4-4024c,agu,,
1284,J1716.6-0526c,,,
1285,J1717.3-2809,,,
1286,J1717.5-5802,psr,,
1287,J1717.7-3342,bzb,,J1717.9-3343
1288,J1718.1-3725,spp,,J1717.9-3729c
1289,J1718.3-3827,PSR,,J1718.2-3825
1290,J1718.4-3056,agu,,
1291,J1719.3+1744,bzb,J1719.3+1746,J1719.2+1745
1292,J1721.0+0711,,,J1721.1+0713
1293,J1721.5-0718c,,,
1294,J1722.5-0420,,,J1722.4-0421
1295,J1722.7+1013,bzq,,J1722.5+1012
1296,J1724.0+4003,bzq,,J1724.0+4002
1297,J1724.9-0508c,,,J1725.2-0509
1298,J1725.0+1151,bzb,,J1725.0+1151
1299,J1725.1-7714,agu,,
1300,J1725.2+5853,bzb,,J1725.5+5854
1301,J1726.6-3545,,,
1302,J1727.1+4531,bzq,,J1727.3+4525
1303,J1727.1-0704,glc,,
1304,J1727.3-4611,spp,,
1305,J1727.6+0647,,,
1306,J1727.8-2308,,,
1307,J1727.9+1220,bzq,,
1308,J1728.0-2737c,,,
1309,J1728.2+5015,bzb,,J1727.9+5010
1310,J1728.2+0429,bzq,,J1728.2+0431
1311,J1729.5-0854,,,
1312,J1730.5-3350,PSR,,
1313,J1730.6-2409,,,J1730.4-2406
1314,J1730.6-0353,,,J1730.7-0352
1315,J1730.7+0023,bzq,,
1316,J1730.8+5427,,,
1317,J1731.3+3718,bzb,,J1730.8+3716
1318,J1731.6-3234c,spp,,
1319,J1731.8-3004,agu,,J1732.0-2957
1320,J1731.9-2703c,,,
1321,J1732.5-3131,PSR,,J1732.5-3131
1322,J1733.1-1307,bzq,,J1733.0-1308
1323,J1733.2-2913c,,,
1324,J1733.4-2812c,,,
1325,J1734.3+3858,bzq,,J1734.4+3859
1326,J1734.7-2533,,,
1327,J1735.9+2033,,,J1735.7+2031
1328,J1736.0-4443,glc,,J1735.9-4438
1329,J1736.6+0626,bzq,,J1736.3+0628
1330,J1737.2-3213,spp,,
1331,J1738.9+8716,,,J1739.4+8717
1332,J1738.9-2908,spp,,
1333,J1739.5+4955,bzq,,
1334,J1739.6-2726,,,
1335,J1740.2+5212,bzq,,J1740.0+5209
1336,J1740.3+4738,bzq,,
1337,J1740.4-3054c,spp,J1741.4-3046,J1740.3-3053c
1338,J1741.0+1347,,,
1339,J1741.1-6750,,,
1340,J1741.9-2054,PSR,J1742.1-2054,
1341,J1742.0-2540c,,,
1342,J1742.1+5948,bzb,,J1742.1+5947
1343,J1742.5-3323,,,
1344,J1743.2-2304,,,
1345,J1743.9-3039c,,,
1346,J1744.1+1934,bzb,,J1744.2+1934
1347,J1744.1-7620,,,J1743.8-7620
1348,J1744.6-1135,PSR,,J1744.4-1134
1349,J1745.1-1729,agu,,
1350,J1745.5-0751,bzb,,J1745.6-0751
1351,J1745.5-3028c,spp,,
1352,J1745.6+1015,psr,,J1745.5+1018
1353,J1745.6+0203,,,
1354,J1745.6-2858,spp,,
1355,J1746.0+2316,,,
1356,J1746.5-3238,,,J1746.7-3233
1357,J1746.6-2851c,,,J1746.4-2849c
1358,J1747.1-3000,PSR,,
1359,J1747.2-3507,,,
1360,J1747.3-2825c,,,
1361,J1747.5-4036,psr,,J1747.4-4035
1362,J1747.6+0324,,,
1363,J1748.0-2447,glc,,J1747.9-2448
1364,J1748.6-2913,,,J1748.3-2916c
1365,J1748.7-2020,glc,,J1748.7-2020
1366,J1748.8+3418,,,
1367,J1748.8+7006,bzb,,J1748.5+7004
1368,J1748.9-3923,,,
1369,J1749.1+0515,,,
1370,J1749.1+4323,bzb,,J1749.0+4323
1371,J1749.7-3134c,,,
1372,J1751.5+0938,bzb,J1751.5+0935,J1751.5+0937
1373,J1753.8-5012,agu,,J1754.0-5002
1374,J1753.8-4446,,,
1375,J1754.1-2930,,,
1376,J1754.3+3212,bzb,,J1754.3+3212
1377,J1754.4-2538c,,,J1754.5-2537c
1378,J1755.5-6423,agu,,
1379,J1756.5+5523,bzb,,J1756.6+5524
1380,J1757.5-6028,,,
1381,J1758.8-2402c,,,
1382,J1759.2-3853,,,
1383,J1759.2-4819,agu,,
1384,J1759.4-2954,,,
1385,J1759.5-0521,,,
1386,J1800.5+7829,bzb,J1802.2+7827,J1800.4+7827
1387,J1800.8-2400,,,J1800.5-2359c
1388,J1801.3-2326e,SNR,J1801.6-2327,
1389,J1801.7+4405,bzq,,
1390,J1802.3-2445c,spp,,
1391,J1802.6-3940,bzq,J1802.6-3939,J1802.5-3939
1392,J1802.8-6706,,,
1393,J1803.3-2148,,,J1803.1-2147c
1394,J1803.6+2523c,agu,,
1395,J1805.0-0845,,,J1807.0-0906
1396,J1805.6-2136e,SNR,J1805.3-2138,
1397,J1805.8+0612,,,J1806.2+0609
1398,J1806.7+6948,bzb,,J1807.0+6945
1399,J1807.7-0419,,,
1400,J1808.3-3356,,,
1401,J1808.5-2037c,,,
1402,J1808.6-1950c,glc,,J1808.5-1954c
1403,J1809.4+2042,agu,,
1404,J1809.7+2909,bzb,,J1809.6+2908
1405,J1809.8-2332,PSR,,J1809.8-2332
1406,J1810.7+1742,psr,,J1810.3+1741
1407,J1810.8+1606,,,J1811.0+1607
1408,J1811.0+5340,agu,,
1409,J1811.1-1905c,spp,,J1810.9-1905c
1410,J1811.3-2421,,,
1411,J1811.3+0339,bzb,,J1811.3+0340
1412,J1813.4-1246,PSR,J1813.5-1248,J1813.3-1246
1413,J1813.5+3143,bzb,,J1813.4+3141
1414,J1813.6-2821,,,
1415,J1813.7-1139c,,,
1416,J1813.7+0617,bzb,,
1417,J1814.1-1735c,,J1814.3-1739,J1814.0-1736c
1418,J1815.6-6407,agu,,
1419,J1816.5+4511,,,J1816.7+4509
1420,J1816.7-4942,agu,,
1421,J1817.6-1651c,,,J1817.6-1651c
1422,J1818.6+0903,bzq,,J1818.1+0905
1423,J1818.7+2138,agu,,
1424,J1819.3-1523,,,J1819.4-1518c
1425,J1820.6+3625,,,
1426,J1820.6-3219,,,J1820.5-3216
1427,J1821.8+0830,,,
1428,J1823.1-1338c,,,J1823.2-1336c
1429,J1823.4-3014,PSR,,J1823.4-3009
1430,J1823.6-3453,agu,,J1823.5-3454
1431,J1823.7+6856,bzb,,
1432,J1823.8+4312,,,
1433,J1824.0+5650,bzb,,J1824.0+5651
1434,J1824.5-1351e,PWN,,
1435,J1824.5+1013,,,J1824.6+1013
1436,J1824.8-2449,glc,,J1824.5-2449
1437,J1825.1-5231,agu,,
1438,J1826.1-1256,PSR,J1825.9-1256,J1826.1-1256
1439,J1826.3-1450,HMB,J1826.3-1451,J1826.2-1450
1440,J1827.4-0846,,,
1441,J1827.4-1445c,,,
1442,J1827.6+1149,,,
1443,J1828.3-1124c,spp,,J1827.9-1128c
1444,J1828.7+3231,,,
1445,J1829.1+2725,agu,,
1446,J1829.1-0340c,,,
1447,J1829.2+5402,bzb,,J1829.8+5404
1448,J1829.3-2419,agu,,J1829.3-2423
1449,J1829.7+4846,rdg,,J1829.8+4845
1450,J1829.8-0204c,,,
1451,J1830.0+1325,agu,,
1452,J1830.1+0617,bzq,J1830.3+0617,J1830.1+0618
1453,J1830.2-4441,agu,,
1454,J1830.4-1634,,,
1455,J1830.9-3132,,,
1456,J1831.2-1518,,,
1457,J1832.0-0200,,,J1831.5-0200c
1458,J1832.2-6502,,,J1833.2-6502
1459,J1832.7-5700,bzb,,J1832.6-5700
1460,J1833.1-0437c,,,
1461,J1833.6-1032,PSR,,J1833.5-1034
1462,J1833.6-2104,bzq,J1833.4-2106,J1833.6-2103
1463,J1834.3-0848,spp,,
1464,J1834.7-0705c,spp,,J1834.7-0709c
1465,J1835.4+1036,,,
1466,J1835.4+1349,,,J1835.3+1345
1467,J1835.5-0649,,,
1468,J1835.6-3258,glc,,J1835.3-3255
1469,J1836.2+5926,PSR,J1836.2+5924,
1470,J1836.2+3137,bzb,,J1836.3+3135
1471,J1836.8-0623c,agu,,
1472,J1837.3-0700c,,,J1837.5-0659c
1473,J1837.9+3821,,,
1474,J1838.7+4759,bzb,,J1838.6+4756
1475,J1839.0-0102,,,
1476,J1839.0-0539,,,
1477,J1839.3-0558c,,,
1478,J1839.7-0334c,spp,,
1479,J1840.3-0413c,spp,,
1480,J1841.2-0459c,spp,,
1481,J1841.7+3221,bzb,,J1841.9+3220
1482,J1842.3+2740,,,
1483,J1842.3-5839,,,J1842.3-5845
1484,J1842.8-0359c,,,J1842.9-0359c
1485,J1843.7-0312c,,,
1486,J1844.3+1548,,,J1844.1+1547
1487,J1844.3-0343c,,J1844.1-0335,J1844.2-0342c
1488,J1844.7+5716,agu,,
1489,J1844.9-1116,,,J1845.9-1133
1490,J1846.4+0920,PSR,,J1846.4+0919
1491,J1846.6-2519,,,
1492,J1847.2-0236,,,J1846.8-0233c
1493,J1848.2-0139c,,J1848.6-0138,J1848.1-0145c
1494,J1848.5+3216,BZQ,J1847.8+3223,
1495,J1848.6+3241,agu,,
1496,J1849.3-0055,spp,,J1849.0-0055c
1497,J1849.4+6706,bzq,J1849.4+6706,J1849.3+6705
1498,J1849.5+2744,bzb,,
1499,J1849.7-4310,bzb,,J1849.6-4314
1500,J1849.9-0125c,,,J1849.7-0121c
1501,J1850.7-0014c,spp,,J1850.2-0019c
1502,J1852.5+4856,bzq,,J1852.5+4853
1503,J1852.7+0047c,spp,,J1853.1+0032c
1504,J1852.8+0156c,,,
1505,J1855.9+0121e,SNR,,
1506,J1856.2+0450c,,,
1507,J1857.2+0055c,,,
1508,J1857.6+0211,,,
1509,J1857.8+0355c,,,J1857.9+0352c
1510,J1858.1-2510,agu,,
1511,J1858.3-2218,,,J1858.1-2218
1512,J1858.5+0129c,,,
1513,J1859.3+0312c,,,
1514,J1901.1+0427,,,
1515,J1902.0-5109,PSR,,J1902.0-5110
1516,J1902.3-1106,,,
1517,J1902.5-6746,bzq,,J1902.3-6802
1518,J1902.7-7053,,,J1901.6-7051
1519,J1903.3+5539,bzb,,J1903.0+5539
1520,J1904.8-0705,,,J1904.4-0703
1521,J1904.9-3720c,,,J1903.8-3718c
1522,J1906.5+0720,,,J1906.6+0716c
1523,J1907.9+0602,PSR,,J1907.9+0602
1524,J1908.8-0132,,,J1908.5-0138
1525,J1911.0+0905,snr,J1911.0+0905,J1910.9+0906c
1526,J1911.1-2005,bzq,J1911.2-2011,J1911.2-2007
1527,J1911.5-1908,agu,,
1528,J1912.0+1609,agu,,
1529,J1913.4+4440,,,
1530,J1913.8-1237,,,
1531,J1914.0+1436,,,
1532,J1914.4+0951c,,,
1533,J1916.1+1106,spp,,J1916.0+1110c
1534,J1917.0-3027,,,J1916.9-3028
1535,J1917.6-1921,bzb,,J1917.7-1922
1536,J1918.2-4110,bzb,,J1918.4-4108
1537,J1919.5-7324,,,
1538,J1921.1+1436c,,,
1539,J1921.3+0131,,,J1921.2+0132
1540,J1921.3-1231,bzb,,J1921.1-1234
1541,J1921.9-1608,bzb,,J1922.0-1608
1542,J1922.6-7454,,,
1543,J1923.2+1408e,SNR,J1923.0+1411,
1544,J1923.4+2013,,,
1545,J1923.5-2105,bzq,J1923.3-2101,J1923.5-2104
1546,J1924.8+1724c,,,J1925.0+1720c
1547,J1924.8-2912,bzq,,J1925.2-2919
1548,J1924.9-1036,,,
1549,J1925.7-7836c,,,
1550,J1927.0+6153,bzb,,J1926.8+6153
1551,J1927.5+6117,bzb,,
1552,J1928.8+1740c,psr,,J1929.0+1741c
1553,J1931.1+0938,bzb,,J1931.2+0939
1554,J1931.8+1325,,,
1555,J1932.1+1913,spp,,J1932.1+1914c
1556,J1933.3+0722,agu,,J1933.3+0723
1557,J1936.5-0855,,,
1558,J1936.8-4721,bzb,,J1936.9-4720
1559,J1936.9+8402,agu,,
1560,J1937.2-3955,bzq,,J1938.2-3957
1561,J1940.8-6213,agu,,
1562,J1941.6+7218,agu,,J1941.6+7214
1563,J1942.5-1024,sey,,
1564,J1942.7-8049c,,,
1565,J1942.8+1033,agu,,J1942.7+1033
1566,J1942.9-3528,,,
1567,J1944.3+7325,,,
1568,J1946.1-3115,bzb,,J1946.1-3118
1569,J1946.4-5402,,,J1946.7-5404
1570,J1946.7-1118,,,
1571,J1947.8-0739,,,
1572,J1949.4-1457,,,
1573,J1949.7+2405,,,
1574,J1949.9+0907,,,J1950.0+0904
1575,J1950.3+1223,,,J1950.4+1226
1576,J1952.6-3252,,,
1577,J1953.0+3253,PSR,J1953.2+3249,J1952.9+3252
1578,J1954.3+2836,PSR,J1954.4+2838,J1954.3+2836
1579,J1954.4-1607,,,
1580,J1954.6-1122,bzq,,J1954.8-1124
1581,J1955.0-5639,agu,,
1582,J1955.2+1356,bzq,,J1954.8+1402
1583,J1955.9-0241,,,J1956.2-0238
1584,J1957.9+5033,PSR,,J1957.6+5033
1585,J1958.2-3848,bzq,,J1958.4-3847
1586,J1958.4-3012,bzb,,J1958.4-3013
1587,J1958.6+4020,,,
1588,J1958.6+2845,PSR,,J1958.6+2845
1589,J1958.9+3844,agu,,
1590,J1959.1-4245,bzq,,J1959.3-4241
1591,J1959.5+2047,PSR,,J1959.6+2047
1592,J1959.6-2931,agu,,
1593,J1959.9+4212,agu,,
1594,J1959.9-4727,,,J1959.7-4730
1595,J1959.9+3336c,,,
1596,J2000.0+6509,bzb,J2000.2+6506,J2000.0+6508
1597,J2000.8-1751,bzq,,J2000.9-1749
1598,J2001.1+4352,bzb,J2001.0+4352,J2001.1+4351
1599,J2001.7+7042,bzb,,J2001.9+7040
1600,J2002.8-2150,,,
1601,J2004.4+3339c,,,J2004.7+3343
1602,J2004.5+7754,bzb,,J2006.0+7751
1603,J2004.6+7004,,,J2004.8+7004
1604,J2006.2-0929,,,
1605,J2006.5-2256,,,J2006.6-2302
1606,J2006.9-1734,,,
1607,J2007.9-4430,sey,,J2007.9-4430
1608,J2009.1-0339,,,
1609,J2009.2-1505,,,
1610,J2009.5-4850,BZB,J2009.4-4850,J2009.5-4849
1611,J2009.7+7225,bzb,,J2009.1+7228
1612,J2009.8+2747,,,
1613,J2012.1+4630,bzb,,J2012.2+4629
1614,J2012.4+3955c,,,
1615,J2013.8+4115c,,,
1616,J2014.0-0046,bzb,,J2014.5-0047
1617,J2014.7+0646,,,J2014.4+0647
1618,J2015.1-0137,bzb,,J2015.3-0129
1619,J2015.6+3709,agu,,J2015.7+3708
1620,J2016.3-0904,bzb,,J2016.2-0903
1621,J2017.3+0603,PSR,J2017.2+0602,J2017.3+0603
1622,J2017.4-3215,,,
1623,J2017.5-1618,,,J2017.9-1621
1624,J2018.0+3626,,,
1625,J2018.2+3850c,agu,,
1626,J2019.1+4040,spp,,
1627,J2020.0+4159,,,
1628,J2021.0+3651,PSR,J2020.8+3649,J2021.0+3651
1629,J2021.5+0632,,,
1630,J2021.5+4026,PSR,J2021.5+4026,J2021.5+4026
1631,J2022.3-4518,bzb,,J2022.5-4532
1632,J2022.5+7614,bzb,,
1633,J2022.8+3843c,snr,,
1634,J2023.4-1137,bzq,,J2023.7-1141
1635,J2025.1+3341,agu,,
1636,J2025.6-0736,bzq,J2025.6-0736,J2025.6-0735
1637,J2028.3+3332,,,
1638,J2029.4+4924,bzb,,J2029.2+4924
1639,J2030.0+3640,PSR,,J2030.0+3641
1640,J2030.3-0622,bzq,,J2030.3-0617
1641,J2030.7+4417,,,J2030.9+4411
1642,J2031.0+1938,agu,,
1643,J2031.4-1842,,,
1644,J2031.7+1223,bzb,,J2031.5+1219
1645,J2032.1+4049,HMB,,
1646,J2032.2+4126,PSR,J2032.2+4122,J2032.2+4127
1647,J2033.6+3927,,,J2032.8+3928
1648,J2034.7-4201,,,J2034.6-4202
1649,J2034.9+3632,,,J2034.7+3639
1650,J2035.4+1058,bzq,,J2035.4+1100
1651,J2036.0+4224c,,,
1652,J2036.6+6551,bzb,,J2038.1+6552
1653,J2038.0+4145c,,,
1654,J2039.1-1046,bzb,,J2039.0-1047
1655,J2039.6+5218,bzb,,
1656,J2039.8-5620,,,J2039.4-5621
1657,J2040.1+4105c,,,
1658,J2040.2-7109,agu,,
1659,J2041.2+4735,,,
1660,J2041.5+5003,spp,,
1661,J2042.0+4252c,,,
1662,J2042.1+2428,bzb,,J2042.2+2427
1663,J2042.8-7317,,,J2043.0-7317
1664,J2043.2+1711,PSR,,J2043.2+1709
1665,J2043.3+5105,spp,,
1666,J2043.7+2743,PSR,,J2043.7+2740
1667,J2044.4-4757,,,
1668,J2046.0+4954,spp,,J2046.0+4954
1669,J2046.2-4259,,,
1670,J2046.7+1055,psr,,J2047.6+1055
1671,J2047.9+4536c,,,
1672,J2049.8+1001,agu,,J2049.7+1003
1673,J2050.0+0408,bzb,,J2050.1+0407
1674,J2051.0+3040e,SNR,,
1675,J2051.8+5054,,,J2052.2+5059
1676,J2053.2+1212c,,,
1677,J2055.4-0023,bzb,,J2055.5-0023
1678,J2055.8+2539,PSR,J2055.5+2540,J2055.8+2539
1679,J2055.8+4754,,,
1680,J2056.2-4715,bzq,J2056.1-4715,J2056.3-4714
1681,J2056.7+4939,agu,,J2056.7+4938
1682,J2102.2+4546,NOV,,
1683,J2103.3+4357c,,,
1684,J2103.4+4706,agu,,
1685,J2103.5-1112,,,
1686,J2103.6-6236,agu,,J2103.9-6237
1687,J2104.9+3555,,,
1688,J2107.6+2506,,,
1689,J2107.8+3652,,,
1690,J2107.9+5207c,,,J2107.5+5202c
1691,J2108.6-1603,,,
1692,J2108.7-0246,bzb,,J2108.5-0249
1693,J2108.9-6636,agu,,J2108.6-6646
1694,J2109.9+0807,bzq,,J2110.0+0811
1695,J2110.3+3822,,,J2110.3+3820
1696,J2111.3+4605,,J2110.8+4608,J2111.3+4607
1697,J2112.3-4832,,,
1698,J2112.5+0818,agu,,
1699,J2112.5-3042,,,J2112.5-3044
1700,J2114.1+5440,,,
1701,J2115.3+2932,bzq,,J2115.5+2937
1702,J2115.4+1213,,,
1703,J2116.2+3339,bzb,,J2116.1+3338
1704,J2117.5+3730,,,J2116.8+3729
1705,J2120.6-1301,,,J2120.2-1259
1706,J2121.0+1901,bzq,,J2120.9+1901
1707,J2124.0-1513,,,
1708,J2124.6-3357,PSR,J2124.7-3358,J2124.7-3358
1709,J2125.0-4632,,,
1710,J2127.8+3614,bzb,,
1711,J2128.7+5824,,,
1712,J2129.8-0428,psr,,J2129.8-0427
1713,J2131.0-5417,,,
1714,J2131.6-0914,bzb,,J2131.7-0914
1715,J2132.5+2605,,,
1716,J2133.5-6431,,,J2134.3-6429
1717,J2133.8-0154,bzb,,J2134.0-0203
1718,J2133.9+6645,,,
1719,J2134.5-6513,agu,,
1720,J2134.6-2130,,,J2134.5-2130
1721,J2135.6-4959,bzq,,J2135.8-4957
1722,J2139.1-2054,bzb,,
1723,J2139.3-4236,bzb,J2139.4-4238,J2139.3-4235
1724,J2139.8+4714,,,J2139.9+4715
1725,J2141.7-3739,,,
1726,J2143.2-3929,bzb,,J2143.1-3927
1727,J2143.5+1743,bzq,J2143.2+1741,J2143.4+1742
1728,J2144.8-3356,bzq,,J2145.4-3358
1729,J2146.5-1530,bzq,,
1730,J2146.6-1345,bzb,,J2146.6-1345
1731,J2147.3+0930,bzq,J2147.1+0931,J2147.2+0929
1732,J2147.4-7534,bzq,,
1733,J2148.2+0659,bzq,,J2148.5+0654
1734,J2149.6+0326,bzb,,J2149.7+0327
1735,J2150.2-1412,bzb,,J2150.3-1410
1736,J2150.8-2738,bzq,,
1737,J2151.5-3021,bzq,,
1738,J2152.4+1735,bzb,,J2152.5+1734
1739,J2154.0-1138,bzq,,
1740,J2157.4+3129,bzq,J2157.5+3125,J2157.4+3129
1741,J2157.9-1501,bzq,,J2157.9-1503
1742,J2158.8-3013,bzb,J2158.8-3014,J2158.8-3013
1743,J2159.9+1023,bzb,,
1744,J2200.1-6931,,,
1745,J2201.2+5926,,,
1746,J2201.9-8335,bzq,,J2201.6-8327
1747,J2202.8+4216,bzb,J2202.4+4217,J2202.8+4216
1748,J2203.4+1726,bzq,J2203.2+1731,J2203.5+1726
1749,J2204.6+0442,bzb,,J2204.6+0442
1750,J2206.6+6500,,,
1751,J2206.6-0029,bzb,,J2207.1-0021
1752,J2208.1-5345,bzq,J2207.0-5347,J2207.8-5344
1753,J2210.1+5913,,,
1754,J2211.9+2355,bzq,,J2212.1+2358
1755,J2212.6+0702,,,J2212.9+0654
1756,J2213.1-2527,bzq,,J2213.1-2529
1757,J2213.7-4754,,,
1758,J2214.7+3000,PSR,J2214.8+3002,J2214.8+3002
1759,J2215.7+5135,psr,,J2216.1+5139
1760,J2217.1+2422,bzb,,J2217.1+2423
1761,J2219.1+1805,bzq,,J2219.3+1804
1762,J2219.6+5850,,,
1763,J2221.0+6307,,,
1764,J2221.6-5223,bzb,,J2222.5-5218
1765,J2222.0-3503,bzq,,
1766,J2223.4+0104,agu,,J2223.3+0103
1767,J2225.6-0454,bzq,,J2225.8-0457
1768,J2227.8+0051,,,
1769,J2228.6-1633,,,J2228.5-1633
1770,J2229.0+6114,PSR,J2229.0+6114,J2229.0+6114
1771,J2229.7-0832,bzq,J2229.8-0829,J2229.7-0832
1772,J2231.0+6512,,,
1773,J2232.4+1143,bzq,J2232.4+1141,J2232.5+1144
1774,J2234.7+0945,psr,,J2234.8+0944
1775,J2234.9-4831,bzq,,J2235.7-4817
1776,J2236.1-3628,agu,,
1777,J2236.4+2828,bzb,,J2236.2+2828
1778,J2236.5-1431,BZB,,J2236.4-1432
1779,J2237.2+6316,,,
1780,J2237.2-3920,bzq,,J2237.2-3919
1781,J2238.4+5902,PSR,,J2238.4+5903
1782,J2239.8+5825,PSR,,
1783,J2241.7-5236,PSR,J2241.7-5239,J2241.9-5236
1784,J2243.2-2540,bzb,,J2243.1-2541
1785,J2243.9+2021,bzb,,J2244.0+2021
1786,J2244.1+4059,bzb,,J2243.4+4104
1787,J2246.3+1549,,,J2246.3+1549
1788,J2246.8-5203,agu,,
1789,J2247.2-0002,bzb,,J2247.3+0000
1790,J2247.8+4412,agu,,
1791,J2249.1+5758,,,
1792,J2250.0+3825,bzb,,J2250.1+3825
1793,J2250.2-4205,agu,,
1794,J2250.7+6305c,,,
1795,J2250.8-2808,agn,,J2250.8-2809
1796,J2251.1-4927,,,J2251.2-4928
1797,J2251.8+4211,,,
1798,J2251.9+4032,bzb,,J2251.7+4030
1799,J2253.9+1609,BZQ,J2254.0+1609,J2253.9+1608
1800,J2254.1+1401,bzb,,
1801,J2255.2+2408,bzb,,
1802,J2256.4-2009,bzb,,J2256.3-2009
1803,J2256.9-1023,psr,,J2256.9-1024
1804,J2257.5+6222c,,,
1805,J2257.9-3646,,,J2257.9-3643
1806,J2258.0-2759,bzq,,J2258.0-2757
1807,J2258.8-5524,bzb,,J2258.9-5525
1808,J2259.0-8254,,,J2259.9-8255
1809,J2300.0-3553,,,
1810,J2300.6+3139,bzb,,J2300.4+3138
1811,J2302.7+4443,PSR,J2302.9+4443,J2302.8+4443
1812,J2304.7+3703,bzb,,J2304.3+3709
1813,J2308.0+1457,,,J2307.3+1452
1814,J2309.8-3627,,,J2310.0-3627
1815,J2310.9+0204,bzb,,J2310.9+0204
1816,J2311.0+3425,bzq,,J2311.0+3425
1817,J2314.0+1446,bzb,,J2314.1+1444
1818,J2315.7-5014,bzb,,J2315.9-5014
1819,J2317.3-4534,,,
1820,J2319.1-4208,bzb,,
1821,J2319.3-3830,,,
1822,J2321.0+2737,bzq,,J2321.6+2726
1823,J2322.2+3206,bzq,,J2322.0+3208
1824,J2322.6+3435,bzb,,J2322.6+3435
1825,J2323.0-4918,agu,,J2323.0-4919
1826,J2323.4+5849,snr,,J2323.4+5849
1827,J2323.6-0316,bzq,,J2323.5-0315
1828,J2323.8+4212,bzb,,J2323.5+4211
1829,J2324.6+0801,agu,,
1830,J2324.7-4042,bzb,,
1831,J2325.3+3957,bzb,J2325.3+3959,J2325.2+3957
1832,J2325.3-3557,bzq,,J2325.5-3559
1833,J2325.4+1650,,,
1834,J2325.4-4758,bzb,,J2325.6-4758
1835,J2327.5+0940,bzq,J2327.3+0947,J2327.7+0943
1836,J2327.9-4037,agu,,
1837,J2329.2+3755,bzb,,J2329.2+3755
1838,J2329.2-4956,bzq,,J2329.2-4954
1839,J2329.7-4744,bzq,,J2330.3-4745
1840,J2330.2+1107,bzq,,
1841,J2330.6-3723,bzb,,
1842,J2330.9-2144,bzq,,J2331.0-2145
1843,J2331.8-1607,bzq,,
1844,J2332.5-5535,,,J2333.0-5535
1845,J2333.3+6237,spp,,
1846,J2334.3+0734,bzq,,J2334.3+0735
1847,J2334.8+1431,bzb,,J2334.7+1429
1848,J2336.3-4111,bzq,,
1849,J2338.1-0229,bzq,,J2338.3-0231
1850,J2339.0+2125,bzb,,J2339.0+2123
1851,J2339.6-0532,,J2339.8-0530,J2339.7-0531
1852,J2341.7+8016,bzb,,J2341.6+8015
1853,J2343.3-4752,,,
1854,J2343.6+3437,bzb,,J2343.6+3437
1855,J2345.0-1553,BZQ,J2345.5-1559,J2344.6-1554
1856,J2347.0+5142,bzb,,J2347.1+5142
1857,J2347.2+0707,,,J2347.3+0710
1858,J2347.9-1629,bzq,,J2348.0-1629
1859,J2350.2-3002,,,J2350.1-3005
1860,J2351.6-7558,,,
1861,J2352.0+1753,,,J2352.1+1752
1862,J2353.3+6643c,,,
1863,J2353.5-3034,bzb,,
1864,J2354.2-6615,,,J2355.9-6613
1865,J2356.0-5256,,,J2356.0-5253
1866,J2356.1+4034,,,J2356.1+4037
1867,J2356.3+0432,,,J2357.2+0445
1868,J2358.4-1811,,,J2358.5-1809
1869,J2358.9+6325,spp,,
1870,J2359.0-3037,bzb,,J2359.0-3035
1871,J2359.4+6751c,,,
1872,J2359.6+6543c,,,
