,3fgl,signif,ra,decl,lr_p,rf_p,blr,4fgldr1,4fgldr1-cls1,4fgldr1-3fgl,4fgldr2,4fgldr2-cls1,4fgldr2-3fgl,4fgldr3,4fgldr3-cls1,4fgldr3-3fgl,4fgldr4,4fgldr4-cls1,4fgldr4-3fgl,4fgldr2_features,4fgldr2_labels,predict_lr_dr2,predict_nn_dr2,predict_dnn_dr2,predict_rf_dr2
0,J1744.1-7619,32.85,266.045,−76.3286,1.0,0.96,MSP/MSP,J1744.0-7618,PSR,J1744.1-7619,J1744.0-7618,PSR,J1744.1-7619,J1744.0-7618,MSP,J1744.1-7619,J1744.0-7618,MSP,J1744.1-7619,"[2.165564775466919, 1.7999749183654785, 0.3243301510810852, 5.763754367828369, -30.532044616620812, -29.968077836058875, -28.066222951752138, -29.982786508464816, -22.920471846501282, 0.6006229519844055, 0.0, 19.836153030395508, 58.641448974609375, 0.9287184527960392, 0.31361991869415695, -0.334388708333304, -0.687072588915857, -0.9884880241291036, -0.9996318708999932]",[0],PSR,PSR,PSR,PSR
1,J1653.6-0158,31.95,253.419,−1.9801,0.99,0.73,MSP/MSP,J1653.6-0158,PSR,J1653.6-0158,J1653.6-0158,PSR,J1653.6-0158,J1653.6-0158,MSP,J1653.6-0158,J1653.6-0158,MSP,J1653.6-0158,"[2.300436496734619, 2.0683364868164062, 1.4463618993759155, 9.22247314453125, -29.278725013874272, -28.863796718977586, -27.534540608023843, -28.931663162047506, -22.742390240053943, 0.28014180064201355, 0.010251432657241821, 13.880501747131348, 61.11184310913086, 0.024439060947162337, -0.3398975738652657, -0.5824728304351631, -0.7224081681467793, -0.9573738813573722, -0.9997746195379997]",[0],PSR,PSR,PSR,PSR
2,J1035.7-6720,30.48,158.926,−67.3335,1.0,0.94,MSP/MSP,J1035.4-6720,PSR,J1035.7-6720,J1035.4-6720,PSR,J1035.7-6720,J1035.4-6720,MSP,J1035.7-6720,J1035.4-6720,MSP,J1035.7-6720,"[2.1947741508483887, 2.1247775554656982, 0.6059169173240662, 4.860165119171143, -30.987825684229186, -30.466524160393995, -28.08089600452343, -30.52794998074609, -22.946269992151883, 0.5317965745925903, 0.0, 16.436403274536133, 48.49498748779297, 0.9988778090404676, 0.23110585184752433, -0.3492904277976437, -0.6900775773563639, -0.9504545359247262, -0.9999982991034692]",[0],PSR,PSR,PSR,PSR
3,J1119.9-2204,30.16,169.984,−22.0673,0.99,0.91,MSP/MSP,J1120.0-2204,,J1119.9-2204,J1120.0-2204,,J1119.9-2204,J1120.0-2204,,J1119.9-2204,J1120.0-2204,lmb,J1119.9-2204,,,NA,NA,NA,NA
4,J2112.5-3044,30.14,318.145,−30.7344,0.99,0.94,MSP/MSP,J2112.5-3043,,J2112.5-3044,J2112.5-3043,,J2112.5-3044,J2112.5-3043,,J2112.5-3044,J2112.5-3043,,J2112.5-3044,,,NA,NA,NA,NA
5,J1702.8-5656,28.81,255.72,−56.9357,0.92,0.36,MSP/MSP,J1702.7-5655,,J1702.8-5656,J1702.7-5655,,J1702.8-5656,J1702.7-5655,,J1702.8-5656,J1702.7-5655,bin,J1702.8-5656,,,NA,NA,NA,NA
6,J1625.1-0021,28.53,246.279,−0.3586,1.0,0.98,MSP/MSP,J1625.1-0020,PSR,J1625.1-0021,J1625.1-0020,PSR,J1625.1-0021,J1625.1-0020,MSP,J1625.1-0021,J1625.1-0020,MSP,J1625.1-0021,"[2.072171926498413, 1.8175026178359985, 0.3962249755859375, 6.496514320373535, -30.81294615079672, -30.237697172838057, -28.071339509580053, -30.25700682629419, -22.854191449964844, 0.5396893620491028, 0.0, 17.88333511352539, 58.52322006225586, 0.15139979850443624, -0.24730651713961221, -0.27773617851848337, -0.6112629789593269, -0.992074990222575, -0.9991824094318555]",[0],PSR,PSR,PSR,PSR
7,J1906.6+0720,26.27,286.671,7.3339,1.0,0.85,YNG/YNG,,,,,,,,,,,,,,,NA,NA,NA,NA
8,J0523.3-2528,26.14,80.839,−25.4763,0.52,0.36,MSP/MSP,J0523.3-2527,,J0523.3-2528,J0523.3-2527,bin,J0523.3-2528,J0523.3-2527,bin,J0523.3-2528,J0523.3-2527,bin,J0523.3-2528,,,NA,NA,NA,NA
9,J1306.4-6043,25.45,196.615,−60.7317,1.0,0.9,MSP/MSP,J1306.3-6043,,J1306.4-6043,J1306.3-6043,,J1306.4-6043,J1306.3-6043,,J1306.4-6043,J1306.3-6043,MSP,J1306.4-6043,,,NA,NA,NA,NA
10,J2039.6-5618,25.38,309.918,−56.3121,0.99,0.82,MSP/MSP,J2039.5-5617,,J2039.6-5618,J2039.5-5617,PSR,J2039.6-5618,J2039.5-5617,MSP,J2039.6-5618,J2039.5-5617,MSP,J2039.6-5618,"[2.165757179260254, 1.9435207843780518, 1.3881105184555054, 18.206453323364258, -30.447664717662594, -30.089309332974658, -28.03430783818904, -30.128200562774346, -23.209831369911548, 0.2369363158941269, 0.11803444474935532, 9.53002643585205, 46.68906021118164, -0.3792234892965491, -0.4814138993220039, -0.45951028672564004, -0.5749655732490843, -0.9352127178542985, -0.9999971705119626]",[0],PSR,PSR,PSR,PSR
11,J0212.1+5320,25.07,33.037,53.3360,0.98,0.92,MSP/MSP,J0212.1+5321,,J0212.1+5320,J0212.1+5321,bin,J0212.1+5320,J0212.1+5321,bin,J0212.1+5320,J0212.1+5321,bin,J0212.1+5320,,,NA,NA,NA,NA
12,J2017.9+3627,25.04,304.485,36.4591,1.0,0.85,YNG/YNG,J2017.9+3625,PSR,J2017.9+3627,J2017.9+3625,PSR,J2017.9+3627,J2017.9+3625,PSR,J2017.9+3627,J2017.9+3625,PSR,J2017.9+3627,"[2.510077714920044, 2.5831780433654785, 0.9943302273750305, 11.670798301696777, -30.066307203736873, -29.593267243393903, -26.424486896900632, -29.69568413961149, -21.96080164520778, 0.5344083309173584, 0.04536189138889313, 17.00362205505371, 48.043087005615234, 0.0032451405078712235, -0.4071303890873688, -0.5098153532776954, -0.7791721770739504, -0.9752150164425685, -0.799266555452103]",[0],PSR,PSR,PSR,PSR
13,J1405.4-6119,24.82,211.356,−61.3168,1.0,0.77,YNG/YNG,J1405.1-6119,,J1405.4-6119,J1405.1-6119,,J1405.4-6119,J1405.1-6119,HMB,J1405.4-6119,J1405.1-6119,HMB,J1405.4-6119,,,NA,NA,NA,NA
15,J1405.4-6119,24.82,211.356,−61.3168,1.0,0.77,YNG/YNG,J1405.1-6119,,J1405.4-6119,J1409.1-6121e,,J1405.4-6119,J1405.1-6119,HMB,J1405.4-6119,J1405.1-6119,HMB,J1405.4-6119,,,NA,NA,NA,NA
21,J0340.4+5302,22.31,55.1,53.0484,0.99,0.28,YNG/YNG,J0340.4+5302,,J0340.4+5302,J0340.4+5302,,J0340.4+5302,J0340.4+5302,,J0340.4+5302,J0340.4+5302,,J0340.4+5302,,,NA,NA,NA,NA
22,J0933.9-6232,22.07,143.481,−62.5338,0.99,0.96,MSP/MSP,J0933.8-6232,,J0933.9-6232,J0933.8-6232,,J0933.9-6232,J0933.8-6232,,J0933.9-6232,J0933.8-6232,,J0933.9-6232,,,NA,NA,NA,NA
23,J0634.1+0424,21.06,98.528,4.4062,0.98,0.69,YNG/YNG,J0634.2+0436e,snr,J0634.1+0424,J0634.2+0436e,snr,J0634.1+0424,J0634.2+0436e,snr,J0634.1+0424,,,,,,NA,NA,NA,NA
24,J1745.3-2903c,20.66,266.343,−29.0630,1.0,0.87,YNG/YNG,,,,,,,,,,,,,,,NA,NA,NA,NA
25,J1622.9-5004,20.65,245.726,−50.0753,0.99,0.75,YNG/YNG,J1623.0-5004,PSR,J1622.9-5004,J1623.0-5004,PSR,J1622.9-5004,J1623.0-5004,PSR,J1622.9-5004,J1623.0-5004,PSR,J1622.9-5004,"[2.3221585750579834, 2.3461217880249023, 1.16524076461792, 8.402525901794434, -31.587082734859322, -31.248519817738885, -26.525582555430436, -31.23302291522199, -21.563195106539435, 0.40145716071128845, 0.0, 10.857220649719238, 34.745582580566406, -0.986662824013735, 0.9838984706892226, -0.26557636641969856, -0.5209021720683977, -0.8118590073587814, -0.8864779455476525]",[0],PSR,PSR,PSR,PSR
26,J1946.4-5403,20.29,296.614,−54.0570,0.98,0.96,MSP/MSP,J1946.5-5402,PSR,J1946.4-5403,J1946.5-5402,PSR,J1946.4-5403,J1946.5-5402,MSP,J1946.4-5403,J1946.5-5402,MSP,J1946.4-5403,"[2.241502523422241, 2.2761971950531006, 0.0004365856002550572, 3.9644722938537598, -31.205703973453094, -30.447349217380474, -28.65458379535363, -30.691022273750832, -23.330855107043643, 0.5865024328231812, 0.0, 12.407069206237793, 37.660526275634766, 0.9008945713397315, -0.31286612318869583, -0.32371395141283665, -0.7980587810326959, -0.9999598612803339, -0.8221879519173657]",[0],PSR,PSR,PSR,PSR
27,J1747.0-2828,20.26,266.775,−28.4819,1.0,0.73,YNG/YNG,,,,,,,,,,,,,,,NA,NA,NA,NA
28,J1624.2-4041,19.27,246.059,−40.6865,0.99,0.85,YNG/YNG,J1624.1-4042,PSR,J1624.2-4041,J1624.1-4042,PSR,J1624.2-4041,J1624.1-4042,PSR,J1624.2-4041,J1624.1-4042,PSR,J1624.2-4041,"[2.376096725463867, 2.3099303245544434, 1.0256236791610718, 12.52165412902832, -30.52274224393425, -30.08895863046962, -27.399979764436875, -30.161202533898745, -22.627199672383778, 0.4317958950996399, 0.055552151054143906, 12.923321723937988, 39.309181213378906, 0.9993158769851043, -0.2683404257975373, -0.5015962651702965, -0.7052710291779566, -0.9698866108466114, -0.9978328394493867]",[0],PSR,PSR,PSR,PSR
29,J1539.2-3324,19.23,234.823,−33.4142,0.96,0.93,MSP/MSP,J1539.4-3323,,J1539.2-3324,J1539.4-3323,,J1539.2-3324,J1539.4-3323,,J1539.2-3324,J1539.4-3323,,J1539.2-3324,,,NA,NA,NA,NA
30,J0359.5+5413,19.17,59.881,54.2220,1.0,0.83,MSP/YNG,J0359.4+5414,PSR,J0359.5+5413,J0359.4+5414,PSR,J0359.5+5413,J0359.4+5414,PSR,J0359.5+5413,J0359.4+5414,PSR,J0359.5+5413,"[2.3768839836120605, 2.3705427646636963, 0.9933070540428162, 4.630634784698486, -30.85165066758003, -30.417646398493805, -27.50164278344738, -30.48386127150254, -22.73825870684963, 0.46453920006752014, 0.0, 11.787700653076172, 30.364538192749023, 0.3568938859908355, 0.6536707329451605, -0.5009618502206441, -0.7022178081930055, -0.9770863621865015, -0.999998282361866]",[0],PSR,PSR,PSR,PSR
31,J0954.8-3948,18.89,148.712,−39.8087,0.86,0.26,MSP/MSP,,,,,,,,,,,,,,,NA,NA,NA,NA
32,J1848.4-0141,18.67,282.118,−1.6927,1.0,0.73,YNG/YNG,,,,,,,,,,,,,,,NA,NA,NA,NA
33,J2004.4+3338,18.46,301.103,33.6451,0.66,0.2,MSP/YNG,J2004.3+3339,unk,J2004.4+3338,J2004.3+3339,unk,J2004.4+3338,J2004.3+3339,unk,J2004.4+3338,J2004.3+3339,unk,J2004.4+3338,,,NA,NA,NA,NA
34,J2041.1+4736,18.38,310.281,47.6030,0.99,0.43,YNG/YNG,J2041.1+4736,,J2041.1+4736,J2041.1+4736,,J2041.1+4736,J2041.1+4736,,J2041.1+4736,J2041.1+4736,,J2041.1+4736,,,NA,NA,NA,NA
35,J0854.8-4503,18.21,133.711,−45.0616,0.98,0.82,YNG/YNG,J0854.8-4504,,J0854.8-4503,J0854.8-4504,,J0854.8-4503,J0854.8-4504,,J0854.8-4503,J0854.8-4504,,J0854.8-4503,,,NA,NA,NA,NA
36,J0744.1-2523,18.1,116.045,−25.3994,0.97,0.38,MSP/YNG,J0744.0-2525,,J0744.1-2523,J0744.0-2525,bin,J0744.1-2523,J0744.0-2525,PSR,J0744.1-2523,J0744.0-2525,PSR,J0744.1-2523,,,NA,NA,NA,NA
37,J0002.6+6218,17.97,0.674,62.3006,0.99,0.81,YNG/YNG,J0002.8+6217,PSR,J0002.6+6218,J0002.8+6217,PSR,J0002.6+6218,J0002.8+6217,PSR,J0002.6+6218,J0002.8+6217,PSR,J0002.6+6218,"[2.4565813541412354, 2.317369222640991, 1.115103006362915, 6.010043621063232, -30.417441797274442, -30.039546468913493, -27.368662826926677, -30.009207900396383, -22.896405893070668, 0.4435420632362366, 0.0, 10.631234169006348, 30.155426025390625, 0.1385010959032461, -0.1756836622643149, -0.5468336679801444, -0.7269190795415686, -0.9773315996686797, -0.9999754635698646]",[0],PSR,PSR,PSR,PSR
38,J0336.1+7500,17.75,54.044,75.0153,0.95,0.72,MSP/MSP,J0336.0+7502,,J0336.1+7500,J0336.0+7502,,J0336.1+7500,J0336.0+7502,lmb,J0336.1+7500,J0336.0+7502,lmb,J0336.1+7500,,,NA,NA,NA,NA
39,J1800.8-2402,17.48,270.222,−24.0351,0.98,0.77,YNG/YNG,,,,,,,,,,,,,,,NA,NA,NA,NA
40,J1754.0-2538,16.84,268.508,−25.6486,0.95,0.79,YNG/YNG,,,,,,,,,,,,,,,NA,NA,NA,NA
41,J1823.2-1339,16.64,275.82,−13.6513,1.0,0.8,YNG/YNG,J1823.3-1340,,J1823.2-1339,J1823.3-1340,,J1823.2-1339,J1823.3-1340,,J1823.2-1339,J1823.3-1340,,J1823.2-1339,,,NA,NA,NA,NA
42,J1208.4-6239,16.23,182.12,−62.6612,0.98,0.75,YNG/YNG,J1208.2-6237,PSR,J1208.4-6239,J1208.2-6237,PSR,J1208.4-6239,J1208.2-6237,PSR,J1208.4-6239,J1208.2-6237,PSR,J1208.4-6239,"[2.412675380706787, 2.571742534637451, 1.5910884141921997, 6.971627235412598, -31.457501720195427, -31.199015068723114, -26.57066078332333, -31.153641846874308, -22.068172972778118, 0.2598559558391571, 0.0, 8.300639152526855, 28.049028396606445, -0.9342648647912941, 0.9667159100666215, -0.5976428887791541, -0.6285674537778868, -0.8861544618642875, -0.89325255059662]",[0],PSR,PSR,PSR,PSR
43,J1650.3-4600,16.18,252.599,−46.0141,0.99,0.84,YNG/YNG,J1650.3-4600,PSR,J1650.3-4600,J1650.3-4600,PSR,J1650.3-4600,J1650.3-4600,PSR,J1650.3-4600,J1650.3-4600,PSR,J1650.3-4600,"[2.4541869163513184, 2.548003673553467, 0.9467144012451172, 7.694177150726318, -30.615984687538095, -30.26663712975256, -26.28050618350454, -30.214332475728284, -21.65455982622528, 0.48053592443466187, 0.0, 11.29362964630127, 28.685441970825195, 0.4496603314393771, 0.2160017104935457, -0.5064564662230163, -0.6793878934568353, -0.9677962431849548, -0.8003608132134568]",[0],PSR,PSR,PSR,PSR
45,J1650.3-4600,16.18,252.599,−46.0141,0.99,0.84,YNG/YNG,J1650.3-4600,PSR,J1650.3-4600,J1652.2-4633e,,J1650.3-4600,J1650.3-4600,PSR,J1650.3-4600,J1650.3-4600,PSR,J1650.3-4600,,,NA,NA,NA,NA
51,J1056.7-5853,16.11,164.179,−58.8960,1.0,0.67,YNG/YNG,J1056.9-5852,PSR,J1056.7-5853,J1056.9-5852,PSR,J1056.7-5853,J1056.9-5852,PSR,J1056.7-5853,J1056.9-5852,PSR,J1056.7-5853,"[2.564375638961792, 2.4906728267669678, 3.060496237594634e-05, 4.103241920471191, -30.378774685658144, -29.810570161206844, -27.770456629782895, -29.92600128211234, -22.616981582593567, 0.9999879598617554, 0.0, 9.231670379638672, 17.186878204345703, -0.9993400469333142, 0.9997977008514168, -0.282098809031539, -0.881154354711581, -0.9999977812788814, -0.9999478723701036]",[0],PSR,PSR,PSR,PSR
52,J1112.0-6135,15.69,168.017,−61.5842,0.97,0.65,YNG/YNG,,,,,,,,,,,,,,,NA,NA,NA,NA
53,J0914.5-4736,15.57,138.641,−47.6152,0.5,0.39,YNG/YNG,,,,,,,,,,,,,,,NA,NA,NA,NA
54,J1358.5-6025,15.43,209.643,−60.4298,1.0,0.7,YNG/YNG,J1358.3-6026,,J1358.5-6025,J1358.3-6026,,J1358.5-6025,J1358.3-6026,PSR,J1358.5-6025,J1358.3-6026,PSR,J1358.5-6025,,,NA,NA,NA,NA
55,J1104.9-6036,15.4,166.248,−60.6091,1.0,0.85,YNG/YNG,J1104.9-6037,PSR,J1104.9-6036,J1104.9-6037,PSR,J1104.9-6036,J1104.9-6037,PSR,J1104.9-6036,J1104.9-6037,PSR,J1104.9-6036,"[2.4749293327331543, 2.4949731826782227, 1.116624355316162, 4.732628345489502, -30.916598202286863, -30.56704875122314, -26.773440976236643, -30.60750604937644, -22.207456219685863, 0.44903212785720825, 0.0, 9.45960521697998, 25.254796981811523, 0.8363092523495411, -0.3007218037818675, -0.4968340512478897, -0.6732949371499862, -0.9143184821294293, -0.9999994899530061]",[0],PSR,PSR,PSR,PSR
56,J0545.6+6019,15.39,86.415,60.3219,0.56,0.37,MSP/MSP,J0545.7+6016,,J0545.6+6019,J0545.7+6016,,J0545.6+6019,J0545.7+6016,,J0545.6+6019,J0545.7+6016,,J0545.6+6019,,,NA,NA,NA,NA
57,J1742.6-3321,15.31,265.665,−33.3562,1.0,0.83,YNG/YNG,,,,,,,,,,,,,,,NA,NA,NA,NA
58,J1857.9+0210,15.19,284.49,2.1704,1.0,0.85,YNG/YNG,,,,,,,,,,,,,,,NA,NA,NA,NA
59,J1740.5-2843,15.13,265.125,−28.7170,1.0,0.76,YNG/YNG,,,,,,,,,,,,,,,NA,NA,NA,NA
60,J1748.3-2815c,15.11,267.092,−28.2589,0.98,0.78,YNG/YNG,,,,,,,,,,,,,,,NA,NA,NA,NA
61,J1754.0-2930,15.03,268.5,−29.5059,0.99,0.65,YNG/YNG,,,,,,,,,,,,,,,NA,NA,NA,NA
62,J0238.0+5237,14.99,39.505,52.6256,0.97,0.65,MSP/MSP,J0237.8+5238,,J0238.0+5237,J0237.8+5238,,J0238.0+5237,J0237.8+5238,,J0238.0+5237,J0237.8+5238,,J0238.0+5237,,,NA,NA,NA,NA
63,J1839.3-0552,14.92,279.848,−5.8816,1.0,0.88,YNG/YNG,J1839.4-0553,unk,J1839.3-0552,J1839.4-0553,unk,J1839.3-0552,J1839.4-0553,unk,J1839.3-0552,J1839.4-0553,unk,J1839.3-0552,,,NA,NA,NA,NA
64,J2117.6+3725,14.5,319.421,37.4256,0.98,0.3,MSP/MSP,J2117.9+3729,,J2117.6+3725,J2117.9+3729,,J2117.6+3725,J2117.9+3729,,J2117.6+3725,J2117.9+3729,,J2117.6+3725,,,NA,NA,NA,NA
65,J0419.1+6636,14.47,64.778,66.6049,0.26,0.33,MSP/MSP,J0418.9+6636,,J0419.1+6636,J0418.9+6636,,J0419.1+6636,J0418.9+6636,MSP,J0419.1+6636,J0418.9+6636,MSP,J0419.1+6636,,,NA,NA,NA,NA
66,J2212.5+0703,14.28,333.147,7.0598,0.69,0.4,MSP/MSP,J2212.4+0708,,J2212.5+0703,J2212.4+0708,,J2212.5+0703,J2212.4+0708,,J2212.5+0703,J2212.4+0708,,J2212.5+0703,,,NA,NA,NA,NA
67,J1447.3-5800,14.23,221.831,−58.0049,1.0,0.61,YNG/YNG,J1447.4-5757,,J1447.3-5800,J1447.4-5757,,J1447.3-5800,J1447.4-5757,PSR,J1447.3-5800,J1447.4-5757,PSR,J1447.3-5800,,,NA,NA,NA,NA
68,J0426.7+5437,14.19,66.681,54.6168,1.0,0.71,YNG/YNG,J0426.5+5434,,J0426.7+5437,J0426.5+5434,,J0426.7+5437,J0426.5+5434,,J0426.7+5437,J0426.5+5434,,J0426.7+5437,,,NA,NA,NA,NA
69,J0858.6-4357,14.13,134.657,−43.9582,0.94,0.56,YNG/YNG,,,,,,,,,,,,,,,NA,NA,NA,NA
70,J0953.7-1510,14.0,148.429,−15.1745,0.97,0.88,MSP/MSP,J0953.6-1509,,J0953.7-1510,J0953.6-1509,,J0953.7-1510,J0953.6-1509,,J0953.7-1510,J0953.6-1509,,J0953.7-1510,,,NA,NA,NA,NA
71,J1901.5-0126,13.97,285.399,−1.4481,0.31,0.26,YNG/YNG,J1901.4-0126,PSR,J1901.5-0126,J1901.4-0126,PSR,J1901.5-0126,J1901.4-0126,MSP,J1901.5-0126,J1901.4-0126,MSP,J1901.5-0126,"[2.4126768112182617, 2.199791669845581, 1.43171226978302, 10.115819931030273, -30.314242470524906, -29.97504111006247, -27.11255612356419, -29.966245444622174, -22.649208783300228, 0.3199845552444458, 0.08677509427070618, 6.677030086517334, 24.57318687438965, 0.8985302256390336, -0.22214892284667337, -0.5268214605084428, -0.6605846918030958, -0.8733541585933833, -0.9999997914913462]",[0],PSR,PSR,PSR,PSR
72,J1624.1-4700,13.9,246.042,−47.0058,0.88,0.58,YNG/YNG,,,,,,,,,,,,,,,NA,NA,NA,NA
73,J0838.8-2829,13.74,129.704,−28.4892,0.6,0.57,MSP/MSP,J0838.7-2827,unk,J0838.8-2829,J0838.7-2827,bin,J0838.8-2829,J0838.7-2827,bin,J0838.8-2829,J0838.7-2827,bin,J0838.8-2829,,,NA,NA,NA,NA
74,J1852.8+0158,13.71,283.209,1.9722,0.98,0.78,YNG/YNG,,,,J1852.6+0203,,J1852.8+0158,J1852.6+0203,,J1852.8+0158,J1852.6+0203,,J1852.8+0158,,,NA,NA,NA,NA
75,J1317.6-6315,13.53,199.403,−63.2598,0.97,0.64,YNG/YNG,J1317.5-6316,,J1317.6-6315,J1317.5-6316,,J1317.6-6315,J1317.5-6316,,J1317.6-6315,J1317.5-6316,,J1317.6-6315,,,NA,NA,NA,NA
76,J1231.6-5113,13.45,187.902,−51.2210,0.99,0.39,YNG/MSP,J1231.6-5116,,J1231.6-5113,J1231.6-5116,,J1231.6-5113,J1231.6-5116,PSR,J1231.6-5113,J1231.6-5116,PSR,J1231.6-5113,,,NA,NA,NA,NA
77,J1641.5-5319,13.22,250.378,−53.3237,0.99,0.57,YNG/MSP,J1641.2-5317,PSR,J1641.5-5319,J1641.2-5317,PSR,J1641.5-5319,J1641.2-5317,PSR,J1641.5-5319,J1641.2-5317,PSR,J1641.5-5319,"[2.4796524047851562, 2.2626450061798096, 1.107479453086853, 7.1315226554870605, -29.916080482776408, -29.47289011071637, -27.331463612924978, -29.49151395760888, -22.863808913829864, 0.443678617477417, 0.0, 9.216285705566406, 27.322120666503906, 0.9978919752656751, -0.3166513573486563, -0.5827998220425827, -0.7904387809535036, -0.9996896968534381, 0.9836001148313941]",[0],PSR,PSR,PSR,PSR
78,J1120.6+0713,13.18,170.172,7.2235,0.11,0.45,MSP/MSP,J1120.6+0713,bcu,J1120.6+0713,J1120.6+0713,bcu,J1120.6+0713,J1120.6+0713,bcu,J1120.6+0713,J1120.6+0713,bcu,J1120.6+0713,"[2.137138605117798, 1.7992932796478271, 0.7410134673118591, 11.491512298583984, -30.974898715015062, -30.465450953386043, -28.31468446999795, -30.455536328444154, -23.381017125685556, 0.4003892242908478, 0.11929859220981598, 7.086433410644531, 23.590726852416992, -0.7981950209673764, 0.2533346656547342, -0.363182395631422, -0.5849965470630752, -0.9928113901590784, 0.49089310025996863]",[1],PSR,PSR,PSR,AGN
79,J1026.2-5730,13.14,156.56,−57.5166,0.96,0.85,YNG/YNG,J1026.2-5731,,J1026.2-5730,J1026.2-5731,,J1026.2-5730,J1026.2-5731,,J1026.2-5730,J1026.2-5731,,J1026.2-5730,,,NA,NA,NA,NA
80,J1843.7-0322,13.09,280.928,−3.3772,1.0,0.7,YNG/YNG,J1843.7-0326,,J1843.7-0322,J1843.7-0326,,J1843.7-0322,J1843.7-0326,,J1843.7-0322,J1843.7-0326,,J1843.7-0322,,,NA,NA,NA,NA
81,J0223.6+6204,12.88,35.906,62.0811,1.0,0.86,YNG/YNG,J0222.4+6156e,snr,J0223.6+6204,J0222.4+6156e,snr,J0223.6+6204,J0222.4+6156e,snr,J0223.6+6204,,,,,,NA,NA,NA,NA
82,J0737.2-3233,12.87,114.314,−32.5588,0.98,0.51,YNG/MSP,J0736.9-3231,,J0737.2-3233,J0736.9-3231,,J0737.2-3233,J0736.9-3231,,J0737.2-3233,J0736.9-3231,,J0737.2-3233,,,NA,NA,NA,NA
83,J1503.5-5801,12.8,225.893,−58.0294,0.92,0.51,YNG/YNG,J1503.7-5801,bcu,J1503.5-5801,J1503.7-5801,bcu,J1503.5-5801,J1503.7-5801,bcu,J1503.5-5801,J1503.7-5801,bcu,J1503.5-5801,"[2.5503687858581543, 2.4787464141845703, 1.6997195482254028, 2.712343454360962, -29.919963615158238, -29.530305561538587, -26.269100000174927, -29.5594475417854, -22.22507329699676, 0.28591978549957275, 0.0, 6.032717704772949, 22.49250030517578, 0.9253485782685572, -0.02612017428854306, -0.6142573542242337, -0.7545644259802111, -0.8724027060120196, -0.8121484257632576]",[1],PSR,PSR,PSR,AGN
84,J0318.1+0252,12.76,49.536,2.8695,0.88,0.82,MSP/MSP,J0318.2+0254,PSR,J0318.1+0252,J0318.2+0254,PSR,J0318.1+0252,J0318.2+0254,MSP,J0318.1+0252,J0318.2+0254,MSP,J0318.1+0252,"[2.1780030727386475, 2.053039312362671, 0.4903634190559387, 11.56810188293457, -31.39955677848079, -30.874788829879545, -28.476556176620953, -30.866655041833425, -23.299518520301415, 0.5628072023391724, 0.11071179807186127, 8.003689765930176, 23.955625534057617, -0.6644468391401664, -0.1803133443714643, -0.37203808836376895, -0.6498697911715625, -0.9999974253806764, -0.9999997125367293]",[0],PSR,PSR,PSR,PSR
85,J1740.5-2726,12.75,265.134,−27.4500,1.0,0.7,YNG/YNG,,,,,,,,,,,,,,,NA,NA,NA,NA
86,J2233.1+6542,12.69,338.279,65.7148,0.98,0.32,YNG/YNG,,,,,,,,,,,,,,,NA,NA,NA,NA
87,J1857.2+0059,12.39,284.31,0.9863,0.99,0.79,YNG/YNG,J1857.1+0056,,J1857.2+0059,J1857.1+0056,,J1857.2+0059,J1857.1+0056,,J1857.2+0059,J1857.1+0056,,J1857.2+0059,,,NA,NA,NA,NA
88,J2103.7-1113,12.33,315.942,−11.2291,0.3,0.42,MSP/MSP,J2103.7-1112,bcu,J2103.7-1113,J2103.7-1112,bcu,J2103.7-1113,J2103.7-1112,bcu,J2103.7-1113,J2103.7-1112,bcu,J2103.7-1113,"[2.1361420154571533, 1.7847602367401123, 0.8008642792701721, 14.599373817443848, -31.042988903378653, -30.489699992911625, -28.40778849064402, -30.558261729681035, -23.331827336791896, 0.46797242760658264, 0.12835240364074707, 7.781495094299316, 23.732921600341797, -0.7363548012907353, -0.0340722574518421, -0.21320873124927814, -0.6899964165205278, -0.8651605048141109, -0.9999525601131825]",[1],PSR,PSR,PSR,AGN
89,J0802.3-5610,12.31,120.583,−56.1688,0.87,0.41,MSP/MSP,J0802.1-5612,,J0802.3-5610,J0802.1-5612,,J0802.3-5610,J0802.1-5612,PSR,J0802.3-5610,J0802.1-5612,PSR,J0802.3-5610,,,NA,NA,NA,NA
90,J1350.4-6224,12.31,207.622,−62.4120,0.98,0.79,YNG/YNG,J1350.6-6224,PSR,J1350.4-6224,J1350.6-6224,PSR,J1350.4-6224,J1350.6-6224,PSR,J1350.4-6224,J1350.6-6224,PSR,J1350.4-6224,"[2.4323272705078125, 2.4088237285614014, 1.1678228378295898, 6.295409679412842, -30.971357800293212, -30.47337696328461, -26.59917752108234, -30.664515043983823, -21.971237767968105, 0.4136529862880707, 0.0, 10.726378440856934, 32.522911071777344, 0.9507239038459494, -0.27866676966716636, -0.4558357403346169, -0.620518821133783, -0.9340196876926325, -0.9999349845259496]",[0],PSR,PSR,PSR,PSR
91,J1139.0-6244,12.23,174.751,−62.7368,0.98,0.54,YNG/YNG,,,,,,,,,,,,,,,NA,NA,NA,NA
92,J0847.4-4327,12.2,131.863,−43.4587,0.47,0.61,YNG/YNG,,,,,,,,,,,,,,,NA,NA,NA,NA
93,J0758.6-1451,12.06,119.656,−14.8661,0.95,0.54,MSP/MSP,J0758.8-1450,,J0758.6-1451,J0758.8-1450,,J0758.6-1451,J0758.8-1450,,J0758.6-1451,J0758.8-1450,,J0758.6-1451,,,NA,NA,NA,NA
94,J0039.3+6256,11.99,9.834,62.9415,0.92,0.89,MSP/MSP,J0039.1+6257,,J0039.3+6256,J0039.1+6257,,J0039.3+6256,J0039.1+6257,,J0039.3+6256,J0039.1+6257,,J0039.3+6256,,,NA,NA,NA,NA
95,J2035.0+3634,11.92,308.758,36.5814,0.94,0.77,MSP/MSP,J2035.0+3632,,J2035.0+3634,J2035.0+3632,psr,J2035.0+3634,J2035.0+3632,MSP,J2035.0+3634,J2035.0+3632,MSP,J2035.0+3634,"[2.1557044982910156, 1.9181982278823853, 1.951742342498619e-05, 8.424295425415039, -31.70996301544727, -31.049769662543127, -27.865871926179512, -31.093279534606697, -22.581733251415432, 0.8282275199890137, 0.0, 12.17016315460205, 26.162776947021484, -0.9922519397144874, 0.9999887843522393, 0.08924758742607584, -0.4034878732825208, -0.9249801915703492, -0.9978198945567831]",[0],PSR,PSR,PSR,PSR
96,J2048.8+4436,11.89,312.224,44.6082,0.99,0.48,YNG/YNG,,,,,,,J2049.3+4440c,,J2048.8+4436,J2049.3+4440c,,J2048.8+4436,,,NA,NA,NA,NA
97,J1329.8-6109,11.85,202.468,−61.1620,0.94,0.55,MSP/MSP,J1329.9-6108,,J1329.8-6109,J1329.9-6108,,J1329.8-6109,J1329.9-6108,,J1329.8-6109,J1329.9-6108,,J1329.8-6109,,,NA,NA,NA,NA
98,J1813.6-1148,11.84,273.423,−11.8084,1.0,0.68,YNG/YNG,J1813.7-1152,,J1813.6-1148,J1813.7-1152,,J1813.6-1148,J1813.7-1152,,J1813.6-1148,J1813.7-1152,,J1813.6-1148,,,NA,NA,NA,NA
99,J2038.4+4212,11.76,309.625,42.2085,0.96,0.73,YNG/YNG,J2038.4+4212,,J2038.4+4212,J2038.4+4212,,J2038.4+4212,J2038.4+4212,,J2038.4+4212,J2038.4+4212,,J2038.4+4212,,,NA,NA,NA,NA
100,J1749.2-2911,11.72,267.315,−29.1929,1.0,0.87,YNG/YNG,,,,,,,,,,,,,,,NA,NA,NA,NA
101,J2023.5+4126,11.63,305.876,41.4337,0.98,0.53,YNG/YNG,J2023.4+4127,bcu,J2023.5+4126,J2023.4+4127,bcu,J2023.5+4126,J2023.4+4127,bcu,J2023.5+4126,J2023.4+4127,bcu,J2023.5+4126,"[2.2306735515594482, 2.193601131439209, 1.8861230611801147, 12.917342185974121, -32.268071365697, -31.99068300556988, -26.83318226397079, -32.11559696522578, -22.54219754123045, 0.15672962367534637, 0.22711189091205597, 2.2825098037719727, 9.018821716308594, -0.9999945353459202, 0.9998830030346526, -0.3693240582539038, -0.5674358351029303, -0.7755874509295517, -0.45530293130242316]",[1],AGN,AGN,PSR,AGN
102,J1528.3-5836,11.53,232.078,−58.6077,0.59,0.65,MSP/MSP,J1528.4-5838,PSR,J1528.3-5836,J1528.4-5838,PSR,J1528.3-5836,J1528.4-5838,PSR,J1528.3-5836,J1528.4-5838,PSR,J1528.3-5836,"[2.421421527862549, 2.269977331161499, 0.5390512943267822, 7.002446174621582, -31.09971127952929, -30.645261900981414, -27.607142815476905, -30.707845156037735, -22.55428874325897, 0.6378913521766663, 0.0, 9.550254821777344, 25.538074493408203, -0.004897994755252039, 0.9777349670309672, -0.3191766166964455, -0.648496782918473, -0.9346448530047811, -0.9993700848564531]",[0],PSR,PSR,PSR,PSR
103,J1650.0-4438c,11.5,252.507,−44.6387,0.92,0.56,YNG/YNG,J1649.3-4441,,J1650.0-4438c,J1649.3-4441,,J1650.0-4438c,J1649.3-4441,,J1650.0-4438c,J1649.3-4441,,J1650.0-4438c,,,NA,NA,NA,NA
104,J1557.0-4225,11.46,239.264,−42.4218,0.98,0.32,YNG/YNG,,,,,,,,,,,,,,,NA,NA,NA,NA
105,J1016.5-6034,11.34,154.135,−60.5764,0.49,0.33,MSP/MSP,J1015.5-6030,,J1016.5-6034,J1015.5-6030,,J1016.5-6034,J1015.5-6030,psr,J1016.5-6034,J1015.5-6030,psr,J1016.5-6034,,,NA,NA,NA,NA
106,J2032.5+3921,11.31,308.139,39.3589,0.91,0.72,YNG/YNG,,,,,,,,,,,,,,,NA,NA,NA,NA
107,J1033.0-5945,11.3,158.266,−59.7513,0.93,0.44,YNG/YNG,,,,,,,,,,,,,,,NA,NA,NA,NA
108,J1552.8-5330,11.2,238.212,−53.5131,1.0,0.85,YNG/YNG,,,,,,,,,,,,,,,NA,NA,NA,NA
109,J1753.6-4447,11.12,268.404,−44.7930,0.75,0.68,MSP/MSP,,,,,,,,,,,,,,,NA,NA,NA,NA
110,J1037.9-5843,11.11,159.488,−58.7300,0.92,0.62,YNG/YNG,,,,,,,,,,,,,,,NA,NA,NA,NA
111,J0541.1+3553,10.94,85.277,35.8975,0.99,0.69,YNG/YNG,,,,,,,,,,,,,,,NA,NA,NA,NA
112,J0312.1-0921,10.92,48.041,−9.3593,0.74,0.52,MSP/MSP,J0312.1-0921,,J0312.1-0921,J0312.1-0921,psr,J0312.1-0921,J0312.1-0921,MSP,J0312.1-0921,J0312.1-0921,MSP,J0312.1-0921,"[2.2081298828125, 1.862960696220398, 0.34357699751853943, 8.633661270141602, -30.770119211618592, -30.147705021423516, -28.496276681662213, -30.196723013822012, -23.33409540013394, 0.6145218014717102, 0.0, 8.865595817565918, 21.7356014251709, -0.9999998921931477, 0.9999999049322654, -0.36211535805366446, -0.7122173464918112, -0.9687701077664609, -0.9999952503134296]",[0],PSR,PSR,PSR,PSR
113,J0855.4-4818,10.88,133.855,−48.3163,0.99,0.68,YNG/YNG,,,,,,,,,,,,,,,NA,NA,NA,NA
114,J1919.9+1407,10.88,289.981,14.1179,0.52,0.68,YNG/YNG,,,,,,,,,,,,,,,NA,NA,NA,NA
115,J1544.6-1125,10.85,236.17,−11.4275,0.64,0.29,MSP/MSP,J1544.5-1126,bcu,J1544.6-1125,J1544.5-1126,lmb,J1544.6-1125,J1544.5-1126,lmb,J1544.6-1125,J1544.5-1126,lmb,J1544.6-1125,,,NA,NA,NA,NA
116,J2042.4+4209,10.74,310.614,42.1532,0.62,0.52,YNG/YNG,,,,,,,J2042.1+4209,bcu,J2042.4+4209,J2042.1+4209,bcu,J2042.4+4209,,,NA,NA,NA,NA
117,J1737.9-2511,10.73,264.476,−25.1858,0.97,0.54,YNG/YNG,,,,,,,J1738.2-2510,,J1737.9-2511,J1738.2-2510,,J1737.9-2511,,,NA,NA,NA,NA
118,J2333.0-5525,10.72,353.264,−55.4265,0.1,0.18,MSP/MSP,J2333.1-5527,,J2333.0-5525,J2333.1-5527,bin,J2333.0-5525,J2333.1-5527,msp,J2333.0-5525,J2333.1-5527,MSP,J2333.0-5525,,,NA,NA,NA,NA
119,J2039.4+4111,10.72,309.854,41.1982,0.94,0.7,YNG/YNG,,,,,,,,,,,,,,,NA,NA,NA,NA
120,J1616.8-5343,10.63,244.205,−53.7243,0.88,0.43,MSP/YNG,J1616.6-5341,,J1616.8-5343,J1616.6-5341,,J1616.8-5343,J1616.6-5341,,J1616.8-5343,J1616.6-5341,,J1616.8-5343,,,NA,NA,NA,NA
121,J0857.6-4258,10.62,134.409,−42.9824,0.76,0.5,YNG/YNG,,,,,,,J0857.7-4256c,,J0857.6-4258,J0857.7-4256c,,J0857.6-4258,,,NA,NA,NA,NA
122,J1518.2-5232,10.36,229.571,−52.5349,0.36,0.35,MSP/MSP,J1517.9-5233,,J1518.2-5232,J1517.9-5233,,J1518.2-5232,J1517.9-5233,,J1518.2-5232,J1517.9-5233,,J1518.2-5232,,,NA,NA,NA,NA
123,J2034.6+4302,10.34,308.67,43.0390,0.99,0.74,YNG/YNG,,,,,,,,,,,,,,,NA,NA,NA,NA
124,J0641.1+1004,10.22,100.286,10.0833,0.61,0.24,YNG/YNG,,,,,,,,,,,,,,,NA,NA,NA,NA
125,J1652.8-4351,10.2,253.203,−43.8566,0.96,0.67,YNG/YNG,J1653.2-4349,,J1652.8-4351,J1653.2-4349,,J1652.8-4351,J1653.2-4349,,J1652.8-4351,J1653.2-4349,,J1652.8-4351,,,NA,NA,NA,NA
126,J1627.8+3217,10.17,246.968,32.2988,0.39,0.38,MSP/MSP,J1627.7+3219,,J1627.8+3217,J1627.7+3219,psr,J1627.8+3217,J1627.7+3219,msp,J1627.8+3217,J1627.7+3219,MSP,J1627.8+3217,"[2.1354751586914062, 1.6670879125595093, 0.25770869851112366, 6.922335624694824, -31.523625434062488, -30.907999382447056, -28.732116139713927, -30.96735344200309, -23.59598602926378, 0.6394687294960022, 0.0, 6.949342727661133, 20.2424373626709, -0.6636847731290586, -0.43460440001386547, -0.0006242928541327191, -0.6514495729216148, -0.999999818400407, 0.9999755298906666]",[0],PSR,PSR,PSR,PSR
127,J2133.0-6433,10.13,323.259,−64.5535,0.12,0.53,MSP/MSP,J2133.1-6432,,J2133.0-6433,J2133.1-6432,,J2133.0-6433,J2133.1-6432,,J2133.0-6433,J2133.1-6432,,J2133.0-6433,,,NA,NA,NA,NA
128,J0915.8-5110,10.1,138.964,−51.1799,0.68,0.22,YNG/YNG,,,,,,,,,,,,,,,NA,NA,NA,NA
129,J1900.8+0337,10.1,285.205,3.6230,1.0,0.69,YNG/YNG,J1900.4+0339,,J1900.8+0337,J1900.4+0339,,J1900.8+0337,J1900.4+0339,,J1900.8+0337,J1900.4+0339,,J1900.8+0337,,,NA,NA,NA,NA
130,J1844.3-0344,10.06,281.1,−3.7468,1.0,0.84,YNG/YNG,J1844.4-0345,PSR,J1844.3-0344,J1844.4-0345,PSR,J1844.3-0344,J1844.4-0345,PSR,J1844.3-0344,J1844.4-0345,PSR,J1844.3-0344,"[2.496929168701172, 2.4750163555145264, 0.6010112762451172, 18.217082977294922, -30.374077583228345, -29.892106323127557, -26.485664972639313, -30.017818080768063, -21.555455214874975, 0.6542510986328125, 0.13315144181251526, 11.170408248901367, 24.254131317138672, -0.9978644335935498, 0.9799504898002583, -0.3760685525849765, -0.7149023423508413, -0.9604469415437403, -0.9999295722723963]",[0],PSR,PSR,PSR,PSR
131,J0940.6-7609,10.06,145.164,−76.1608,0.43,0.39,MSP/MSP,J0940.3-7610,,J0940.6-7609,J0940.3-7610,,J0940.6-7609,J0940.3-7610,lmb,J0940.6-7609,J0940.3-7610,lmb,J0940.6-7609,,,NA,NA,NA,NA
132,J1744.7-2252,10.05,266.181,−22.8695,0.95,0.47,YNG/YNG,,,,J1745.5-2249,,J1744.7-2252,J1745.5-2249,,J1744.7-2252,J1745.5-2249,,J1744.7-2252,,,NA,NA,NA,NA
133,J1727.7-2637,10.04,261.946,−26.6251,1.0,0.53,YNG/YNG,,,,,,,,,,,,,,,NA,NA,NA,NA
