,3fgl,signif,ra,decl,lr_p,rf_p,blr,4fgldr1,4fgldr1-cls1,4fgldr1-3fgl,4fgldr2,4fgldr2-cls1,4fgldr2-3fgl,4fgldr3,4fgldr3-cls1,4fgldr3-3fgl,4fgldr4,4fgldr4-cls1,4fgldr4-3fgl,4fgldr1_features,4fgldr1_labels,predict_lr_dr1,predict_nn_dr1,predict_dnn_dr1,predict_rf_dr1
0,J1744.1-7619,32.85,266.045,−76.3286,1.0,0.96,MSP/MSP,J1744.0-7618,PSR,J1744.1-7619,J1744.0-7618,PSR,J1744.1-7619,J1744.0-7618,MSP,J1744.1-7619,J1744.0-7618,MSP,J1744.1-7619,"[2.1582326889038086, 1.8060749769210815, 0.3025987148284912, 5.059604644775391, -30.47808809620703, -29.914487764114504, -27.95654594100942, -29.926556646192783, -22.809733990396662, 0.6002821326255798, 0.0, 17.437122344970703, 51.9305534362793, 0.8861558852825413, 0.23184986819726902, -0.3078758478242225, -0.680508524693247, -0.984605683409129, -0.99591944696206]",[0],PSR,PSR,PSR,PSR
1,J1653.6-0158,31.95,253.419,−1.9801,0.99,0.73,MSP/MSP,J1653.6-0158,PSR,J1653.6-0158,J1653.6-0158,PSR,J1653.6-0158,J1653.6-0158,MSP,J1653.6-0158,J1653.6-0158,MSP,J1653.6-0158,"[2.289458990097046, 2.055655002593994, 1.4036545753479004, 10.390047073364258, -29.30409092107031, -28.8693235021153, -27.44037003754448, -28.940898070090523, -22.64640560618091, 0.2953855097293854, 0.05048990994691849, 12.935613632202148, 55.76805877685547, -0.1418571393105064, -0.33951286532346364, -0.5633708938749047, -0.7158063296322124, -0.9685676738330458, -0.9995805038265135]",[0],PSR,PSR,PSR,PSR
2,J1035.7-6720,30.48,158.926,−67.3335,1.0,0.94,MSP/MSP,J1035.4-6720,PSR,J1035.7-6720,J1035.4-6720,PSR,J1035.7-6720,J1035.4-6720,MSP,J1035.7-6720,J1035.4-6720,MSP,J1035.7-6720,"[2.185445785522461, 2.12379789352417, 0.5524904727935791, 2.408257246017456, -30.887827375332577, -30.38016142979181, -27.958946110545483, -30.418050666673835, -22.809908645308298, 0.5491748452186584, 0.0, 15.086261749267578, 43.67748260498047, 0.9993472588453, 0.3978094293827688, -0.3111577530668729, -0.6926088617913327, -0.9550728201552395, -0.9995802009788689]",[0],PSR,PSR,PSR,PSR
3,J1119.9-2204,30.16,169.984,−22.0673,0.99,0.91,MSP/MSP,J1120.0-2204,,J1119.9-2204,J1120.0-2204,,J1119.9-2204,J1120.0-2204,,J1119.9-2204,J1120.0-2204,lmb,J1119.9-2204,,,NA,NA,NA,NA
4,J2112.5-3044,30.14,318.145,−30.7344,0.99,0.94,MSP/MSP,J2112.5-3043,,J2112.5-3044,J2112.5-3043,,J2112.5-3044,J2112.5-3043,,J2112.5-3044,J2112.5-3043,,J2112.5-3044,,,NA,NA,NA,NA
5,J1702.8-5656,28.81,255.72,−56.9357,0.92,0.36,MSP/MSP,J1702.7-5655,,J1702.8-5656,J1702.7-5655,,J1702.8-5656,J1702.7-5655,,J1702.8-5656,J1702.7-5655,bin,J1702.8-5656,,,NA,NA,NA,NA
6,J1625.1-0021,28.53,246.279,−0.3586,1.0,0.98,MSP/MSP,J1625.1-0020,PSR,J1625.1-0021,J1625.1-0020,PSR,J1625.1-0021,J1625.1-0020,MSP,J1625.1-0021,J1625.1-0020,MSP,J1625.1-0021,"[2.0819225311279297, 1.6924378871917725, 0.4647963345050812, 4.926960468292236, -30.43983907140576, -29.883523067830073, -27.875676627756143, -29.917214675452364, -22.738546148269545, 0.5164488554000854, 0.0, 15.803528785705566, 54.078033447265625, 0.040334965460176515, -0.2598790895269291, -0.2752729191644873, -0.5978416271085945, -0.989923196838728, -0.9987123838446427]",[0],PSR,PSR,PSR,PSR
7,J1906.6+0720,26.27,286.671,7.3339,1.0,0.85,YNG/YNG,,,,,,,,,,,,,,,NA,NA,NA,NA
8,J0523.3-2528,26.14,80.839,−25.4763,0.52,0.36,MSP/MSP,J0523.3-2527,,J0523.3-2528,J0523.3-2527,bin,J0523.3-2528,J0523.3-2527,bin,J0523.3-2528,J0523.3-2527,bin,J0523.3-2528,,,NA,NA,NA,NA
9,J1306.4-6043,25.45,196.615,−60.7317,1.0,0.9,MSP/MSP,J1306.3-6043,,J1306.4-6043,J1306.3-6043,,J1306.4-6043,J1306.3-6043,,J1306.4-6043,J1306.3-6043,MSP,J1306.4-6043,,,NA,NA,NA,NA
10,J2039.6-5618,25.38,309.918,−56.3121,0.99,0.82,MSP/MSP,J2039.5-5617,,J2039.6-5618,J2039.5-5617,PSR,J2039.6-5618,J2039.5-5617,MSP,J2039.6-5618,J2039.5-5617,MSP,J2039.6-5618,,,NA,NA,NA,NA
11,J0212.1+5320,25.07,33.037,53.3360,0.98,0.92,MSP/MSP,J0212.1+5321,,J0212.1+5320,J0212.1+5321,bin,J0212.1+5320,J0212.1+5321,bin,J0212.1+5320,J0212.1+5321,bin,J0212.1+5320,,,NA,NA,NA,NA
12,J2017.9+3627,25.04,304.485,36.4591,1.0,0.85,YNG/YNG,J2017.9+3625,PSR,J2017.9+3627,J2017.9+3625,PSR,J2017.9+3627,J2017.9+3625,PSR,J2017.9+3627,J2017.9+3625,PSR,J2017.9+3627,"[2.503662109375, 2.471898078918457, 0.9913913607597351, 7.409914970397949, -29.71815422275086, -29.28245368251368, -26.090889741388057, -29.228376463503604, -21.82847901806335, 0.537606954574585, 0.017580624669790268, 15.267328262329102, 43.06195831298828, -0.37635086045807004, -0.2622717806563461, -0.5095813607074664, -0.7819879358499259, -0.9674117690992238, -0.9990193421316296]",[0],PSR,PSR,PSR,PSR
13,J1405.4-6119,24.82,211.356,−61.3168,1.0,0.77,YNG/YNG,J1405.1-6119,,J1405.4-6119,J1405.1-6119,,J1405.4-6119,J1405.1-6119,HMB,J1405.4-6119,J1405.1-6119,HMB,J1405.4-6119,,,NA,NA,NA,NA
14,J1405.4-6119,24.82,211.356,−61.3168,1.0,0.77,YNG/YNG,J1405.1-6119,,J1405.4-6119,J1405.1-6119,,J1405.4-6119,J1409.1-6121e,,J1405.4-6119,J1405.1-6119,HMB,J1405.4-6119,,,NA,NA,NA,NA
15,J1405.4-6119,24.82,211.356,−61.3168,1.0,0.77,YNG/YNG,J1405.1-6119,,J1405.4-6119,J1409.1-6121e,,J1405.4-6119,J1405.1-6119,HMB,J1405.4-6119,J1405.1-6119,HMB,J1405.4-6119,,,NA,NA,NA,NA
16,J1405.4-6119,24.82,211.356,−61.3168,1.0,0.77,YNG/YNG,J1405.1-6119,,J1405.4-6119,J1409.1-6121e,,J1405.4-6119,J1409.1-6121e,,J1405.4-6119,J1405.1-6119,HMB,J1405.4-6119,,,NA,NA,NA,NA
17,J1405.4-6119,24.82,211.356,−61.3168,1.0,0.77,YNG/YNG,J1409.1-6121e,,J1405.4-6119,J1405.1-6119,,J1405.4-6119,J1405.1-6119,HMB,J1405.4-6119,J1405.1-6119,HMB,J1405.4-6119,,,NA,NA,NA,NA
18,J1405.4-6119,24.82,211.356,−61.3168,1.0,0.77,YNG/YNG,J1409.1-6121e,,J1405.4-6119,J1405.1-6119,,J1405.4-6119,J1409.1-6121e,,J1405.4-6119,J1405.1-6119,HMB,J1405.4-6119,,,NA,NA,NA,NA
19,J1405.4-6119,24.82,211.356,−61.3168,1.0,0.77,YNG/YNG,J1409.1-6121e,,J1405.4-6119,J1409.1-6121e,,J1405.4-6119,J1405.1-6119,HMB,J1405.4-6119,J1405.1-6119,HMB,J1405.4-6119,,,NA,NA,NA,NA
20,J1405.4-6119,24.82,211.356,−61.3168,1.0,0.77,YNG/YNG,J1409.1-6121e,,J1405.4-6119,J1409.1-6121e,,J1405.4-6119,J1409.1-6121e,,J1405.4-6119,J1405.1-6119,HMB,J1405.4-6119,,,NA,NA,NA,NA
21,J0340.4+5302,22.31,55.1,53.0484,0.99,0.28,YNG/YNG,J0340.4+5302,,J0340.4+5302,J0340.4+5302,,J0340.4+5302,J0340.4+5302,,J0340.4+5302,J0340.4+5302,,J0340.4+5302,,,NA,NA,NA,NA
22,J0933.9-6232,22.07,143.481,−62.5338,0.99,0.96,MSP/MSP,J0933.8-6232,,J0933.9-6232,J0933.8-6232,,J0933.9-6232,J0933.8-6232,,J0933.9-6232,J0933.8-6232,,J0933.9-6232,,,NA,NA,NA,NA
23,J0634.1+0424,21.06,98.528,4.4062,0.98,0.69,YNG/YNG,J0634.2+0436e,snr,J0634.1+0424,J0634.2+0436e,snr,J0634.1+0424,J0634.2+0436e,snr,J0634.1+0424,,,,,,NA,NA,NA,NA
24,J1745.3-2903c,20.66,266.343,−29.0630,1.0,0.87,YNG/YNG,,,,,,,,,,,,,,,NA,NA,NA,NA
25,J1622.9-5004,20.65,245.726,−50.0753,0.99,0.75,YNG/YNG,J1623.0-5004,PSR,J1622.9-5004,J1623.0-5004,PSR,J1622.9-5004,J1623.0-5004,PSR,J1622.9-5004,J1623.0-5004,PSR,J1622.9-5004,"[2.32116436958313, 2.338573455810547, 1.2969868183135986, 4.324544429779053, -31.494685231692166, -31.165990561842303, -26.320140578986827, -31.154206542572126, -21.449283314908893, 0.36609917879104614, 0.0, 9.379816055297852, 30.884660720825195, -0.9823022841827674, 0.9986662143536781, -0.3104617426775537, -0.5311543504738527, -0.7966159669311891, -0.9247683398466376]",[0],PSR,PSR,PSR,PSR
26,J1946.4-5403,20.29,296.614,−54.0570,0.98,0.96,MSP/MSP,J1946.5-5402,PSR,J1946.4-5403,J1946.5-5402,PSR,J1946.4-5403,J1946.5-5402,MSP,J1946.4-5403,J1946.5-5402,MSP,J1946.4-5403,"[2.2399938106536865, 1.6878520250320435, 0.44206157326698303, 2.9326939582824707, -30.037293840387704, -29.511598636110087, -28.13909813279839, -29.553032665701405, -23.088250776866758, 0.5782939195632935, 0.0, 11.14999008178711, 33.56776428222656, 0.7635491919103219, -0.308522082987473, -0.35642623380881205, -0.7918222782256398, -0.9999751042592152, 0.3608920437410038]",[0],PSR,PSR,PSR,PSR
27,J1747.0-2828,20.26,266.775,−28.4819,1.0,0.73,YNG/YNG,,,,,,,,,,,,,,,NA,NA,NA,NA
28,J1624.2-4041,19.27,246.059,−40.6865,0.99,0.85,YNG/YNG,J1624.1-4042,PSR,J1624.2-4041,J1624.1-4042,PSR,J1624.2-4041,J1624.1-4042,PSR,J1624.2-4041,J1624.1-4042,PSR,J1624.2-4041,"[2.348445415496826, 2.3096425533294678, 0.9698849320411682, 11.926194190979004, -30.49662312325419, -30.068288203032346, -27.331791515983053, -30.129679039236976, -22.517860640979283, 0.4432867467403412, 0.0777752473950386, 12.18799114227295, 35.72798538208008, 0.14387511972867487, -0.22482067855779195, -0.4952942466941093, -0.6860460596433705, -0.963306955183007, -0.991878623416751]",[0],PSR,PSR,PSR,PSR
29,J1539.2-3324,19.23,234.823,−33.4142,0.96,0.93,MSP/MSP,J1539.4-3323,,J1539.2-3324,J1539.4-3323,,J1539.2-3324,J1539.4-3323,,J1539.2-3324,J1539.4-3323,,J1539.2-3324,,,NA,NA,NA,NA
30,J0359.5+5413,19.17,59.881,54.2220,1.0,0.83,MSP/YNG,J0359.4+5414,PSR,J0359.5+5413,J0359.4+5414,PSR,J0359.5+5413,J0359.4+5414,PSR,J0359.5+5413,J0359.4+5414,PSR,J0359.5+5413,"[2.3817012310028076, 2.2827556133270264, 1.0805848836898804, 3.749119758605957, -30.423530647975177, -29.980334640381496, -27.198177233295254, -29.952172706042433, -22.594880917664927, 0.45016640424728394, 0.0, 10.710908889770508, 28.06110191345215, 0.5008225804256908, 0.7147217898123367, -0.5220956514553593, -0.712571905142902, -0.9683159985449927, -0.9999999523990099]",[0],PSR,PSR,PSR,PSR
31,J0954.8-3948,18.89,148.712,−39.8087,0.86,0.26,MSP/MSP,,,,,,,,,,,,,,,NA,NA,NA,NA
32,J1848.4-0141,18.67,282.118,−1.6927,1.0,0.73,YNG/YNG,,,,,,,,,,,,,,,NA,NA,NA,NA
33,J2004.4+3338,18.46,301.103,33.6451,0.66,0.2,MSP/YNG,J2004.3+3339,unk,J2004.4+3338,J2004.3+3339,unk,J2004.4+3338,J2004.3+3339,unk,J2004.4+3338,J2004.3+3339,unk,J2004.4+3338,,,NA,NA,NA,NA
34,J2041.1+4736,18.38,310.281,47.6030,0.99,0.43,YNG/YNG,J2041.1+4736,,J2041.1+4736,J2041.1+4736,,J2041.1+4736,J2041.1+4736,,J2041.1+4736,J2041.1+4736,,J2041.1+4736,,,NA,NA,NA,NA
35,J0854.8-4503,18.21,133.711,−45.0616,0.98,0.82,YNG/YNG,J0854.8-4504,,J0854.8-4503,J0854.8-4504,,J0854.8-4503,J0854.8-4504,,J0854.8-4503,J0854.8-4504,,J0854.8-4503,,,NA,NA,NA,NA
36,J0744.1-2523,18.1,116.045,−25.3994,0.97,0.38,MSP/YNG,J0744.0-2525,,J0744.1-2523,J0744.0-2525,bin,J0744.1-2523,J0744.0-2525,PSR,J0744.1-2523,J0744.0-2525,PSR,J0744.1-2523,,,NA,NA,NA,NA
37,J0002.6+6218,17.97,0.674,62.3006,0.99,0.81,YNG/YNG,J0002.8+6217,PSR,J0002.6+6218,J0002.8+6217,PSR,J0002.6+6218,J0002.8+6217,PSR,J0002.6+6218,J0002.8+6217,PSR,J0002.6+6218,"[2.4731266498565674, 2.3412225246429443, 1.1812958717346191, 4.701814651489258, -30.245180526001057, -29.808365757379764, -27.221693097555097, -29.848824889691844, -22.795908694031247, 0.4285966753959656, 0.0, 9.461156845092773, 27.66865348815918, 0.992667826227015, 0.001857054753456682, -0.5699878954840351, -0.7318594023056649, -0.9896816269506247, -0.9980955144567049]",[0],PSR,PSR,PSR,PSR
38,J0336.1+7500,17.75,54.044,75.0153,0.95,0.72,MSP/MSP,J0336.0+7502,,J0336.1+7500,J0336.0+7502,,J0336.1+7500,J0336.0+7502,lmb,J0336.1+7500,J0336.0+7502,lmb,J0336.1+7500,,,NA,NA,NA,NA
39,J1800.8-2402,17.48,270.222,−24.0351,0.98,0.77,YNG/YNG,,,,,,,,,,,,,,,NA,NA,NA,NA
40,J1754.0-2538,16.84,268.508,−25.6486,0.95,0.79,YNG/YNG,,,,,,,,,,,,,,,NA,NA,NA,NA
41,J1823.2-1339,16.64,275.82,−13.6513,1.0,0.8,YNG/YNG,J1823.3-1340,,J1823.2-1339,J1823.3-1340,,J1823.2-1339,J1823.3-1340,,J1823.2-1339,J1823.3-1340,,J1823.2-1339,,,NA,NA,NA,NA
42,J1208.4-6239,16.23,182.12,−62.6612,0.98,0.75,YNG/YNG,J1208.2-6237,PSR,J1208.4-6239,J1208.2-6237,PSR,J1208.4-6239,J1208.2-6237,PSR,J1208.4-6239,J1208.2-6237,PSR,J1208.4-6239,"[2.3706367015838623, 2.5644445419311523, 1.6005254983901978, 5.236287593841553, -31.43069735327044, -31.193042424448812, -26.463372679355, -31.134436174385403, -21.94872547381554, 0.23780770599842072, 0.0, 7.7705302238464355, 25.8858642578125, 0.9949986490284976, 0.455224511873167, -0.5912549717859452, -0.6108629654280151, -0.880607305536443, -0.912166069030765]",[0],PSR,PSR,PSR,PSR
43,J1650.3-4600,16.18,252.599,−46.0141,0.99,0.84,YNG/YNG,J1650.3-4600,PSR,J1650.3-4600,J1650.3-4600,PSR,J1650.3-4600,J1650.3-4600,PSR,J1650.3-4600,J1650.3-4600,PSR,J1650.3-4600,"[2.4479293823242188, 2.6043546199798584, 1.2140167951583862, 9.162851333618164, -30.548826813057765, -30.237352997172106, -26.292447707080107, -30.195339454015677, -21.56641143658704, 0.3925630450248718, 0.06729339808225632, 9.75135612487793, 25.942955017089844, 0.860849901223333, -0.29701221372932063, -0.5420690386355727, -0.686233300978708, -0.9615974685022896, -0.9996396116765881]",[0],PSR,PSR,PSR,PSR
44,J1650.3-4600,16.18,252.599,−46.0141,0.99,0.84,YNG/YNG,J1650.3-4600,PSR,J1650.3-4600,J1650.3-4600,PSR,J1650.3-4600,J1652.2-4633e,,J1650.3-4600,J1650.3-4600,PSR,J1650.3-4600,"[2.4479293823242188, 2.6043546199798584, 1.2140167951583862, 9.162851333618164, -30.548826813057765, -30.237352997172106, -26.292447707080107, -30.195339454015677, -21.56641143658704, 0.3925630450248718, 0.06729339808225632, 9.75135612487793, 25.942955017089844, 0.860849901223333, -0.29701221372932063, -0.5420690386355727, -0.686233300978708, -0.9615974685022896, -0.9996396116765881]",[0],PSR,PSR,PSR,PSR
45,J1650.3-4600,16.18,252.599,−46.0141,0.99,0.84,YNG/YNG,J1650.3-4600,PSR,J1650.3-4600,J1652.2-4633e,,J1650.3-4600,J1650.3-4600,PSR,J1650.3-4600,J1650.3-4600,PSR,J1650.3-4600,"[2.4479293823242188, 2.6043546199798584, 1.2140167951583862, 9.162851333618164, -30.548826813057765, -30.237352997172106, -26.292447707080107, -30.195339454015677, -21.56641143658704, 0.3925630450248718, 0.06729339808225632, 9.75135612487793, 25.942955017089844, 0.860849901223333, -0.29701221372932063, -0.5420690386355727, -0.686233300978708, -0.9615974685022896, -0.9996396116765881]",[0],PSR,PSR,PSR,PSR
46,J1650.3-4600,16.18,252.599,−46.0141,0.99,0.84,YNG/YNG,J1650.3-4600,PSR,J1650.3-4600,J1652.2-4633e,,J1650.3-4600,J1652.2-4633e,,J1650.3-4600,J1650.3-4600,PSR,J1650.3-4600,"[2.4479293823242188, 2.6043546199798584, 1.2140167951583862, 9.162851333618164, -30.548826813057765, -30.237352997172106, -26.292447707080107, -30.195339454015677, -21.56641143658704, 0.3925630450248718, 0.06729339808225632, 9.75135612487793, 25.942955017089844, 0.860849901223333, -0.29701221372932063, -0.5420690386355727, -0.686233300978708, -0.9615974685022896, -0.9996396116765881]",[0],PSR,PSR,PSR,PSR
47,J1650.3-4600,16.18,252.599,−46.0141,0.99,0.84,YNG/YNG,J1652.2-4633e,,J1650.3-4600,J1650.3-4600,PSR,J1650.3-4600,J1650.3-4600,PSR,J1650.3-4600,J1650.3-4600,PSR,J1650.3-4600,,,NA,NA,NA,NA
48,J1650.3-4600,16.18,252.599,−46.0141,0.99,0.84,YNG/YNG,J1652.2-4633e,,J1650.3-4600,J1650.3-4600,PSR,J1650.3-4600,J1652.2-4633e,,J1650.3-4600,J1650.3-4600,PSR,J1650.3-4600,,,NA,NA,NA,NA
49,J1650.3-4600,16.18,252.599,−46.0141,0.99,0.84,YNG/YNG,J1652.2-4633e,,J1650.3-4600,J1652.2-4633e,,J1650.3-4600,J1650.3-4600,PSR,J1650.3-4600,J1650.3-4600,PSR,J1650.3-4600,,,NA,NA,NA,NA
50,J1650.3-4600,16.18,252.599,−46.0141,0.99,0.84,YNG/YNG,J1652.2-4633e,,J1650.3-4600,J1652.2-4633e,,J1650.3-4600,J1652.2-4633e,,J1650.3-4600,J1650.3-4600,PSR,J1650.3-4600,,,NA,NA,NA,NA
51,J1056.7-5853,16.11,164.179,−58.8960,1.0,0.67,YNG/YNG,J1056.9-5852,PSR,J1056.7-5853,J1056.9-5852,PSR,J1056.7-5853,J1056.9-5852,PSR,J1056.7-5853,J1056.9-5852,PSR,J1056.7-5853,"[2.5565314292907715, 2.4836513996124268, 0.00017935235518962145, 1.820143222808838, -30.267882263538247, -29.66268106607596, -27.64681461514088, -29.826881495693453, -22.490916541932076, 0.9999844431877136, 0.0, 7.910506248474121, 16.43723487854004, -0.9828731275481352, 0.8677969528705028, -0.30539331881816184, -0.8607465646203601, -0.9992269609132145, -0.9348689501317214]",[0],PSR,PSR,PSR,PSR
52,J1112.0-6135,15.69,168.017,−61.5842,0.97,0.65,YNG/YNG,,,,,,,,,,,,,,,NA,NA,NA,NA
53,J0914.5-4736,15.57,138.641,−47.6152,0.5,0.39,YNG/YNG,,,,,,,,,,,,,,,NA,NA,NA,NA
54,J1358.5-6025,15.43,209.643,−60.4298,1.0,0.7,YNG/YNG,J1358.3-6026,,J1358.5-6025,J1358.3-6026,,J1358.5-6025,J1358.3-6026,PSR,J1358.5-6025,J1358.3-6026,PSR,J1358.5-6025,,,NA,NA,NA,NA
55,J1104.9-6036,15.4,166.248,−60.6091,1.0,0.85,YNG/YNG,J1104.9-6037,PSR,J1104.9-6036,J1104.9-6037,PSR,J1104.9-6036,J1104.9-6037,PSR,J1104.9-6036,J1104.9-6037,PSR,J1104.9-6036,"[2.4147210121154785, 2.4555487632751465, 0.8855157494544983, 3.5279853343963623, -30.896518978084814, -30.513783649795947, -26.96349077609362, -30.538527930097125, -22.123354866871317, 0.5000641345977783, 0.0, 9.221266746520996, 21.92991828918457, 0.13089866951982967, -0.4849093193978299, -0.42329501049172646, -0.6530832529388362, -0.9249179561181374, -0.9999961047255571]",[0],PSR,PSR,PSR,PSR
56,J0545.6+6019,15.39,86.415,60.3219,0.56,0.37,MSP/MSP,J0545.7+6016,,J0545.6+6019,J0545.7+6016,,J0545.6+6019,J0545.7+6016,,J0545.6+6019,J0545.7+6016,,J0545.6+6019,,,NA,NA,NA,NA
57,J1742.6-3321,15.31,265.665,−33.3562,1.0,0.83,YNG/YNG,,,,,,,,,,,,,,,NA,NA,NA,NA
58,J1857.9+0210,15.19,284.49,2.1704,1.0,0.85,YNG/YNG,,,,,,,,,,,,,,,NA,NA,NA,NA
59,J1740.5-2843,15.13,265.125,−28.7170,1.0,0.76,YNG/YNG,,,,,,,,,,,,,,,NA,NA,NA,NA
60,J1748.3-2815c,15.11,267.092,−28.2589,0.98,0.78,YNG/YNG,,,,,,,,,,,,,,,NA,NA,NA,NA
61,J1754.0-2930,15.03,268.5,−29.5059,0.99,0.65,YNG/YNG,,,,,,,,,,,,,,,NA,NA,NA,NA
62,J0238.0+5237,14.99,39.505,52.6256,0.97,0.65,MSP/MSP,J0237.8+5238,,J0238.0+5237,J0237.8+5238,,J0238.0+5237,J0237.8+5238,,J0238.0+5237,J0237.8+5238,,J0238.0+5237,,,NA,NA,NA,NA
63,J1839.3-0552,14.92,279.848,−5.8816,1.0,0.88,YNG/YNG,J1839.4-0553,unk,J1839.3-0552,J1839.4-0553,unk,J1839.3-0552,J1839.4-0553,unk,J1839.3-0552,J1839.4-0553,unk,J1839.3-0552,,,NA,NA,NA,NA
64,J2117.6+3725,14.5,319.421,37.4256,0.98,0.3,MSP/MSP,J2117.9+3729,,J2117.6+3725,J2117.9+3729,,J2117.6+3725,J2117.9+3729,,J2117.6+3725,J2117.9+3729,,J2117.6+3725,,,NA,NA,NA,NA
65,J0419.1+6636,14.47,64.778,66.6049,0.26,0.33,MSP/MSP,J0418.9+6636,,J0419.1+6636,J0418.9+6636,,J0419.1+6636,J0418.9+6636,MSP,J0419.1+6636,J0418.9+6636,MSP,J0419.1+6636,,,NA,NA,NA,NA
66,J2212.5+0703,14.28,333.147,7.0598,0.69,0.4,MSP/MSP,J2212.4+0708,,J2212.5+0703,J2212.4+0708,,J2212.5+0703,J2212.4+0708,,J2212.5+0703,J2212.4+0708,,J2212.5+0703,,,NA,NA,NA,NA
67,J1447.3-5800,14.23,221.831,−58.0049,1.0,0.61,YNG/YNG,J1447.4-5757,,J1447.3-5800,J1447.4-5757,,J1447.3-5800,J1447.4-5757,PSR,J1447.3-5800,J1447.4-5757,PSR,J1447.3-5800,,,NA,NA,NA,NA
68,J0426.7+5437,14.19,66.681,54.6168,1.0,0.71,YNG/YNG,J0426.5+5434,,J0426.7+5437,J0426.5+5434,,J0426.7+5437,J0426.5+5434,,J0426.7+5437,J0426.5+5434,,J0426.7+5437,,,NA,NA,NA,NA
69,J0858.6-4357,14.13,134.657,−43.9582,0.94,0.56,YNG/YNG,,,,,,,,,,,,,,,NA,NA,NA,NA
70,J0953.7-1510,14.0,148.429,−15.1745,0.97,0.88,MSP/MSP,J0953.6-1509,,J0953.7-1510,J0953.6-1509,,J0953.7-1510,J0953.6-1509,,J0953.7-1510,J0953.6-1509,,J0953.7-1510,,,NA,NA,NA,NA
71,J1901.5-0126,13.97,285.399,−1.4481,0.31,0.26,YNG/YNG,J1901.4-0126,PSR,J1901.5-0126,J1901.4-0126,PSR,J1901.5-0126,J1901.4-0126,MSP,J1901.5-0126,J1901.4-0126,MSP,J1901.5-0126,"[2.407602310180664, 2.365520477294922, 1.4532392024993896, 6.6459431648254395, -30.720861448348185, -30.404046762657032, -27.3244039923306, -30.40135886329454, -22.56630484464322, 0.3060692846775055, 0.045181963592767715, 6.295547008514404, 22.54149627685547, 0.9503441581748211, -0.17246425503281418, -0.5614497577961065, -0.6499345545407881, -0.8549497652013007, -0.9999990976762912]",[0],PSR,PSR,PSR,PSR
72,J1624.1-4700,13.9,246.042,−47.0058,0.88,0.58,YNG/YNG,,,,,,,,,,,,,,,NA,NA,NA,NA
73,J0838.8-2829,13.74,129.704,−28.4892,0.6,0.57,MSP/MSP,J0838.7-2827,unk,J0838.8-2829,J0838.7-2827,bin,J0838.8-2829,J0838.7-2827,bin,J0838.8-2829,J0838.7-2827,bin,J0838.8-2829,,,NA,NA,NA,NA
74,J1852.8+0158,13.71,283.209,1.9722,0.98,0.78,YNG/YNG,,,,J1852.6+0203,,J1852.8+0158,J1852.6+0203,,J1852.8+0158,J1852.6+0203,,J1852.8+0158,,,NA,NA,NA,NA
75,J1317.6-6315,13.53,199.403,−63.2598,0.97,0.64,YNG/YNG,J1317.5-6316,,J1317.6-6315,J1317.5-6316,,J1317.6-6315,J1317.5-6316,,J1317.6-6315,J1317.5-6316,,J1317.6-6315,,,NA,NA,NA,NA
76,J1231.6-5113,13.45,187.902,−51.2210,0.99,0.39,YNG/MSP,J1231.6-5116,,J1231.6-5113,J1231.6-5116,,J1231.6-5113,J1231.6-5116,PSR,J1231.6-5113,J1231.6-5116,PSR,J1231.6-5113,,,NA,NA,NA,NA
77,J1641.5-5319,13.22,250.378,−53.3237,0.99,0.57,YNG/MSP,J1641.2-5317,PSR,J1641.5-5319,J1641.2-5317,PSR,J1641.5-5319,J1641.2-5317,PSR,J1641.5-5319,J1641.2-5317,PSR,J1641.5-5319,"[2.440491199493408, 2.331838607788086, 1.085495114326477, 3.095694065093994, -30.224943424073526, -29.775316749817293, -27.347580756110894, -29.790696469134783, -22.780563969014384, 0.4080256521701813, 0.0, 7.729615688323975, 23.416109085083008, -0.31911772564334795, -0.4261876195163343, -0.5646867918242255, -0.7534282612265224, -0.9988021443744071, 0.933030012623769]",[0],PSR,PSR,PSR,PSR
78,J1120.6+0713,13.18,170.172,7.2235,0.11,0.45,MSP/MSP,J1120.6+0713,bcu,J1120.6+0713,J1120.6+0713,bcu,J1120.6+0713,J1120.6+0713,bcu,J1120.6+0713,J1120.6+0713,bcu,J1120.6+0713,"[2.1374690532684326, 1.8050646781921387, 0.8298285007476807, 10.165424346923828, -30.819237165621416, -30.314660579903094, -28.177588693809714, -30.303394088715727, -23.265317416879913, 0.383574903011322, 0.15375779569149017, 6.246207237243652, 21.450754165649414, -0.8260146686950427, 0.05261305762802663, -0.3942799886212527, -0.5808744574301024, -0.9604016254097597, -0.16929873381452307]",[1],PSR,PSR,PSR,AGN
79,J1026.2-5730,13.14,156.56,−57.5166,0.96,0.85,YNG/YNG,J1026.2-5731,,J1026.2-5730,J1026.2-5731,,J1026.2-5730,J1026.2-5731,,J1026.2-5730,J1026.2-5731,,J1026.2-5730,,,NA,NA,NA,NA
80,J1843.7-0322,13.09,280.928,−3.3772,1.0,0.7,YNG/YNG,J1843.7-0326,,J1843.7-0322,J1843.7-0326,,J1843.7-0322,J1843.7-0326,,J1843.7-0322,J1843.7-0326,,J1843.7-0322,,,NA,NA,NA,NA
81,J0223.6+6204,12.88,35.906,62.0811,1.0,0.86,YNG/YNG,J0222.4+6156e,snr,J0223.6+6204,J0222.4+6156e,snr,J0223.6+6204,J0222.4+6156e,snr,J0223.6+6204,,,,,,NA,NA,NA,NA
82,J0737.2-3233,12.87,114.314,−32.5588,0.98,0.51,YNG/MSP,J0736.9-3231,,J0737.2-3233,J0736.9-3231,,J0737.2-3233,J0736.9-3231,,J0737.2-3233,J0736.9-3231,,J0737.2-3233,,,NA,NA,NA,NA
83,J1503.5-5801,12.8,225.893,−58.0294,0.92,0.51,YNG/YNG,J1503.7-5801,bcu,J1503.5-5801,J1503.7-5801,bcu,J1503.5-5801,J1503.7-5801,bcu,J1503.5-5801,J1503.7-5801,bcu,J1503.5-5801,"[2.5195810794830322, 2.5496935844421387, 1.6154905557632446, 2.2197489738464355, -30.162809308205908, -29.780790984357413, -26.226572353921508, -29.704171352585142, -22.123117609199706, 0.2897046208381653, 0.0, 6.1192755699157715, 20.918012619018555, 0.9595782517844461, -0.18404622270004836, -0.6200862533015767, -0.7493206776957505, -0.8529538108637454, -0.7499484896412795]",[1],PSR,PSR,PSR,PSR
84,J0318.1+0252,12.76,49.536,2.8695,0.88,0.82,MSP/MSP,J0318.2+0254,PSR,J0318.1+0252,J0318.2+0254,PSR,J0318.1+0252,J0318.2+0254,MSP,J0318.1+0252,J0318.2+0254,MSP,J0318.1+0252,"[2.1937127113342285, 1.8521488904953003, 0.7935067415237427, 5.709170341491699, -30.76323341946114, -30.26807538771239, -28.15563780556486, -30.299890582633143, -23.178223456066085, 0.4636532962322235, 0.0, 6.407923698425293, 22.27351188659668, -0.624985632627518, -0.41544456638567956, -0.37526772438377676, -0.6338655992382272, -0.999999728495816, 0.9259496375669355]",[0],PSR,PSR,PSR,PSR
85,J1740.5-2726,12.75,265.134,−27.4500,1.0,0.7,YNG/YNG,,,,,,,,,,,,,,,NA,NA,NA,NA
86,J2233.1+6542,12.69,338.279,65.7148,0.98,0.32,YNG/YNG,,,,,,,,,,,,,,,NA,NA,NA,NA
87,J1857.2+0059,12.39,284.31,0.9863,0.99,0.79,YNG/YNG,J1857.1+0056,,J1857.2+0059,J1857.1+0056,,J1857.2+0059,J1857.1+0056,,J1857.2+0059,J1857.1+0056,,J1857.2+0059,,,NA,NA,NA,NA
88,J2103.7-1113,12.33,315.942,−11.2291,0.3,0.42,MSP/MSP,J2103.7-1112,bcu,J2103.7-1113,J2103.7-1112,bcu,J2103.7-1113,J2103.7-1112,bcu,J2103.7-1113,J2103.7-1112,bcu,J2103.7-1113,"[2.1220414638519287, 1.8074085712432861, 0.9247485399246216, 15.884465217590332, -30.931248185360893, -30.419374699792964, -28.22628912414552, -30.47232041950868, -23.23301130817646, 0.4021964967250824, 0.1948811262845993, 6.797651290893555, 22.144145965576172, -0.7048092511979366, 0.11845356852850338, -0.2714643666143851, -0.6569244167671936, -0.8381863614035837, -0.9995903631226672]",[1],PSR,AGN,AGN,AGN
89,J0802.3-5610,12.31,120.583,−56.1688,0.87,0.41,MSP/MSP,J0802.1-5612,,J0802.3-5610,J0802.1-5612,,J0802.3-5610,J0802.1-5612,PSR,J0802.3-5610,J0802.1-5612,PSR,J0802.3-5610,,,NA,NA,NA,NA
90,J1350.4-6224,12.31,207.622,−62.4120,0.98,0.79,YNG/YNG,J1350.6-6224,PSR,J1350.4-6224,J1350.6-6224,PSR,J1350.4-6224,J1350.6-6224,PSR,J1350.4-6224,J1350.6-6224,PSR,J1350.4-6224,"[2.417978525161743, 2.3938262462615967, 1.1360081434249878, 6.640302658081055, -30.812695984422536, -30.459992918418667, -26.670607654827563, -30.490290533034216, -21.885492308790962, 0.4168163537979126, 0.03860853612422943, 9.786293983459473, 28.803346633911133, 0.9895501792123182, -0.12644364358508706, -0.4508133061638501, -0.6246778930432857, -0.9319285838152154, -0.9999562470170376]",[0],PSR,PSR,PSR,PSR
91,J1139.0-6244,12.23,174.751,−62.7368,0.98,0.54,YNG/YNG,,,,,,,,,,,,,,,NA,NA,NA,NA
92,J0847.4-4327,12.2,131.863,−43.4587,0.47,0.61,YNG/YNG,,,,,,,,,,,,,,,NA,NA,NA,NA
93,J0758.6-1451,12.06,119.656,−14.8661,0.95,0.54,MSP/MSP,J0758.8-1450,,J0758.6-1451,J0758.8-1450,,J0758.6-1451,J0758.8-1450,,J0758.6-1451,J0758.8-1450,,J0758.6-1451,,,NA,NA,NA,NA
94,J0039.3+6256,11.99,9.834,62.9415,0.92,0.89,MSP/MSP,J0039.1+6257,,J0039.3+6256,J0039.1+6257,,J0039.3+6256,J0039.1+6257,,J0039.3+6256,J0039.1+6257,,J0039.3+6256,,,NA,NA,NA,NA
95,J2035.0+3634,11.92,308.758,36.5814,0.94,0.77,MSP/MSP,J2035.0+3632,,J2035.0+3634,J2035.0+3632,psr,J2035.0+3634,J2035.0+3632,MSP,J2035.0+3634,J2035.0+3632,MSP,J2035.0+3634,,,NA,NA,NA,NA
96,J2048.8+4436,11.89,312.224,44.6082,0.99,0.48,YNG/YNG,,,,,,,J2049.3+4440c,,J2048.8+4436,J2049.3+4440c,,J2048.8+4436,,,NA,NA,NA,NA
97,J1329.8-6109,11.85,202.468,−61.1620,0.94,0.55,MSP/MSP,J1329.9-6108,,J1329.8-6109,J1329.9-6108,,J1329.8-6109,J1329.9-6108,,J1329.8-6109,J1329.9-6108,,J1329.8-6109,,,NA,NA,NA,NA
98,J1813.6-1148,11.84,273.423,−11.8084,1.0,0.68,YNG/YNG,J1813.7-1152,,J1813.6-1148,J1813.7-1152,,J1813.6-1148,J1813.7-1152,,J1813.6-1148,J1813.7-1152,,J1813.6-1148,,,NA,NA,NA,NA
99,J2038.4+4212,11.76,309.625,42.2085,0.96,0.73,YNG/YNG,J2038.4+4212,,J2038.4+4212,J2038.4+4212,,J2038.4+4212,J2038.4+4212,,J2038.4+4212,J2038.4+4212,,J2038.4+4212,,,NA,NA,NA,NA
100,J1749.2-2911,11.72,267.315,−29.1929,1.0,0.87,YNG/YNG,,,,,,,,,,,,,,,NA,NA,NA,NA
101,J2023.5+4126,11.63,305.876,41.4337,0.98,0.53,YNG/YNG,J2023.4+4127,bcu,J2023.5+4126,J2023.4+4127,bcu,J2023.5+4126,J2023.4+4127,bcu,J2023.5+4126,J2023.4+4127,bcu,J2023.5+4126,"[2.1980364322662354, 2.1735036373138428, 1.96163010597229, 11.032041549682617, -32.47795034305498, -32.22526504230408, -26.795636276249187, -31.569618177466776, -22.466035794102858, 0.10665594041347504, 0.2111191302537918, 1.3494164943695068, 6.639286994934082, -0.9999678524825144, 0.9998761657626275, -0.27017246414842866, -0.6177200604899373, -0.7053793683628521, -0.36916482159439395]",[1],AGN,AGN,AGN,AGN
102,J1528.3-5836,11.53,232.078,−58.6077,0.59,0.65,MSP/MSP,J1528.4-5838,PSR,J1528.3-5836,J1528.4-5838,PSR,J1528.3-5836,J1528.4-5838,PSR,J1528.3-5836,J1528.4-5838,PSR,J1528.3-5836,"[2.407867670059204, 2.172513008117676, 0.40967532992362976, 4.8283185958862305, -30.826762852421677, -30.26972727036253, -27.259617918634135, -30.32063112584176, -22.417199090229758, 0.6764935851097107, 0.0, 9.199597358703613, 23.10302734375, -0.12397063771097203, -0.16467203364421987, -0.3476951532071445, -0.6298555647390018, -0.9372239966366246, -0.9998227375794678]",[0],PSR,PSR,PSR,PSR
103,J1650.0-4438c,11.5,252.507,−44.6387,0.92,0.56,YNG/YNG,J1649.3-4441,,J1650.0-4438c,J1649.3-4441,,J1650.0-4438c,J1649.3-4441,,J1650.0-4438c,J1649.3-4441,,J1650.0-4438c,,,NA,NA,NA,NA
104,J1557.0-4225,11.46,239.264,−42.4218,0.98,0.32,YNG/YNG,,,,,,,,,,,,,,,NA,NA,NA,NA
105,J1016.5-6034,11.34,154.135,−60.5764,0.49,0.33,MSP/MSP,J1015.5-6030,,J1016.5-6034,J1015.5-6030,,J1016.5-6034,J1015.5-6030,psr,J1016.5-6034,J1015.5-6030,psr,J1016.5-6034,,,NA,NA,NA,NA
106,J2032.5+3921,11.31,308.139,39.3589,0.91,0.72,YNG/YNG,,,,,,,,,,,,,,,NA,NA,NA,NA
107,J1033.0-5945,11.3,158.266,−59.7513,0.93,0.44,YNG/YNG,,,,,,,,,,,,,,,NA,NA,NA,NA
108,J1552.8-5330,11.2,238.212,−53.5131,1.0,0.85,YNG/YNG,,,,,,,,,,,,,,,NA,NA,NA,NA
109,J1753.6-4447,11.12,268.404,−44.7930,0.75,0.68,MSP/MSP,,,,,,,,,,,,,,,NA,NA,NA,NA
110,J1037.9-5843,11.11,159.488,−58.7300,0.92,0.62,YNG/YNG,,,,,,,,,,,,,,,NA,NA,NA,NA
111,J0541.1+3553,10.94,85.277,35.8975,0.99,0.69,YNG/YNG,,,,,,,,,,,,,,,NA,NA,NA,NA
112,J0312.1-0921,10.92,48.041,−9.3593,0.74,0.52,MSP/MSP,J0312.1-0921,,J0312.1-0921,J0312.1-0921,psr,J0312.1-0921,J0312.1-0921,MSP,J0312.1-0921,J0312.1-0921,MSP,J0312.1-0921,,,NA,NA,NA,NA
113,J0855.4-4818,10.88,133.855,−48.3163,0.99,0.68,YNG/YNG,,,,,,,,,,,,,,,NA,NA,NA,NA
114,J1919.9+1407,10.88,289.981,14.1179,0.52,0.68,YNG/YNG,,,,,,,,,,,,,,,NA,NA,NA,NA
115,J1544.6-1125,10.85,236.17,−11.4275,0.64,0.29,MSP/MSP,J1544.5-1126,bcu,J1544.6-1125,J1544.5-1126,lmb,J1544.6-1125,J1544.5-1126,lmb,J1544.6-1125,J1544.5-1126,lmb,J1544.6-1125,"[2.475165843963623, 2.289912700653076, 1.880930781364441, 3.5471315383911133, -28.88029370265182, -28.54292971674024, -27.630271891701092, -28.60847027307745, -23.195827438130554, 0.19423852860927582, 0.0, 4.068246364593506, 20.42015266418457, 0.9873873063356918, -0.3893142838792084, -0.6700145606617305, -0.8253083649211129, -0.8315040729012075, -0.9990513092035713]",[1],AGN,AGN,AGN,AGN
116,J2042.4+4209,10.74,310.614,42.1532,0.62,0.52,YNG/YNG,,,,,,,J2042.1+4209,bcu,J2042.4+4209,J2042.1+4209,bcu,J2042.4+4209,,,NA,NA,NA,NA
117,J1737.9-2511,10.73,264.476,−25.1858,0.97,0.54,YNG/YNG,,,,,,,J1738.2-2510,,J1737.9-2511,J1738.2-2510,,J1737.9-2511,,,NA,NA,NA,NA
118,J2333.0-5525,10.72,353.264,−55.4265,0.1,0.18,MSP/MSP,J2333.1-5527,,J2333.0-5525,J2333.1-5527,bin,J2333.0-5525,J2333.1-5527,msp,J2333.0-5525,J2333.1-5527,MSP,J2333.0-5525,,,NA,NA,NA,NA
119,J2039.4+4111,10.72,309.854,41.1982,0.94,0.7,YNG/YNG,,,,,,,,,,,,,,,NA,NA,NA,NA
120,J1616.8-5343,10.63,244.205,−53.7243,0.88,0.43,MSP/YNG,J1616.6-5341,,J1616.8-5343,J1616.6-5341,,J1616.8-5343,J1616.6-5341,,J1616.8-5343,J1616.6-5341,,J1616.8-5343,,,NA,NA,NA,NA
121,J0857.6-4258,10.62,134.409,−42.9824,0.76,0.5,YNG/YNG,,,,,,,J0857.7-4256c,,J0857.6-4258,J0857.7-4256c,,J0857.6-4258,,,NA,NA,NA,NA
122,J1518.2-5232,10.36,229.571,−52.5349,0.36,0.35,MSP/MSP,J1517.9-5233,,J1518.2-5232,J1517.9-5233,,J1518.2-5232,J1517.9-5233,,J1518.2-5232,J1517.9-5233,,J1518.2-5232,,,NA,NA,NA,NA
123,J2034.6+4302,10.34,308.67,43.0390,0.99,0.74,YNG/YNG,,,,,,,,,,,,,,,NA,NA,NA,NA
124,J0641.1+1004,10.22,100.286,10.0833,0.61,0.24,YNG/YNG,,,,,,,,,,,,,,,NA,NA,NA,NA
125,J1652.8-4351,10.2,253.203,−43.8566,0.96,0.67,YNG/YNG,J1653.2-4349,,J1652.8-4351,J1653.2-4349,,J1652.8-4351,J1653.2-4349,,J1652.8-4351,J1653.2-4349,,J1652.8-4351,,,NA,NA,NA,NA
126,J1627.8+3217,10.17,246.968,32.2988,0.39,0.38,MSP/MSP,J1627.7+3219,,J1627.8+3217,J1627.7+3219,psr,J1627.8+3217,J1627.7+3219,msp,J1627.8+3217,J1627.7+3219,MSP,J1627.8+3217,,,NA,NA,NA,NA
127,J2133.0-6433,10.13,323.259,−64.5535,0.12,0.53,MSP/MSP,J2133.1-6432,,J2133.0-6433,J2133.1-6432,,J2133.0-6433,J2133.1-6432,,J2133.0-6433,J2133.1-6432,,J2133.0-6433,,,NA,NA,NA,NA
128,J0915.8-5110,10.1,138.964,−51.1799,0.68,0.22,YNG/YNG,,,,,,,,,,,,,,,NA,NA,NA,NA
129,J1900.8+0337,10.1,285.205,3.6230,1.0,0.69,YNG/YNG,J1900.4+0339,,J1900.8+0337,J1900.4+0339,,J1900.8+0337,J1900.4+0339,,J1900.8+0337,J1900.4+0339,,J1900.8+0337,,,NA,NA,NA,NA
130,J1844.3-0344,10.06,281.1,−3.7468,1.0,0.84,YNG/YNG,J1844.4-0345,PSR,J1844.3-0344,J1844.4-0345,PSR,J1844.3-0344,J1844.4-0345,PSR,J1844.3-0344,J1844.4-0345,PSR,J1844.3-0344,"[2.45995831489563, 2.4837591648101807, 0.6536493301391602, 9.355194091796875, -30.35387744438357, -29.871537227376777, -26.4860353907845, -29.987843983192885, -21.488190968093136, 0.6265355944633484, 0.03257965296506882, 10.359170913696289, 22.11648178100586, -0.9987088842194543, 0.9992865384850385, -0.3575724669089002, -0.6982074616541953, -0.9639082214039844, -0.9975921837312128]",[0],PSR,PSR,PSR,PSR
131,J0940.6-7609,10.06,145.164,−76.1608,0.43,0.39,MSP/MSP,J0940.3-7610,,J0940.6-7609,J0940.3-7610,,J0940.6-7609,J0940.3-7610,lmb,J0940.6-7609,J0940.3-7610,lmb,J0940.6-7609,,,NA,NA,NA,NA
132,J1744.7-2252,10.05,266.181,−22.8695,0.95,0.47,YNG/YNG,,,,J1745.5-2249,,J1744.7-2252,J1745.5-2249,,J1744.7-2252,J1745.5-2249,,J1744.7-2252,,,NA,NA,NA,NA
133,J1727.7-2637,10.04,261.946,−26.6251,1.0,0.53,YNG/YNG,,,,,,,,,,,,,,,NA,NA,NA,NA
