,3fgl,4fgldr1,4fgldr1-cls1,4fgldr1-3fgl,4fgldr2,4fgldr2-cls1,4fgldr2-3fgl,4fgldr3,4fgldr3-cls1,4fgldr3-3fgl,4fgldr4,4fgldr4-cls1,4fgldr4-3fgl
0,J1744.1-7619,J1744.0-7618,PSR,J1744.1-7619,J1744.0-7618,PSR,J1744.1-7619,J1744.0-7618,MSP,J1744.1-7619,J1744.0-7618,MSP,J1744.1-7619
1,J1653.6-0158,J1653.6-0158,PSR,J1653.6-0158,J1653.6-0158,PSR,J1653.6-0158,J1653.6-0158,MSP,J1653.6-0158,J1653.6-0158,MSP,J1653.6-0158
2,J1035.7-6720,J1035.4-6720,PSR,J1035.7-6720,J1035.4-6720,PSR,J1035.7-6720,J1035.4-6720,MSP,J1035.7-6720,J1035.4-6720,MSP,J1035.7-6720
3,J1119.9-2204,J1120.0-2204,,J1119.9-2204,J1120.0-2204,,J1119.9-2204,J1120.0-2204,,J1119.9-2204,J1120.0-2204,lmb,J1119.9-2204
4,J2112.5-3044,J2112.5-3043,,J2112.5-3044,J2112.5-3043,,J2112.5-3044,J2112.5-3043,,J2112.5-3044,J2112.5-3043,,J2112.5-3044
5,J1702.8-5656,J1702.7-5655,,J1702.8-5656,J1702.7-5655,,J1702.8-5656,J1702.7-5655,,J1702.8-5656,J1702.7-5655,bin,J1702.8-5656
6,J1625.1-0021,J1625.1-0020,PSR,J1625.1-0021,J1625.1-0020,PSR,J1625.1-0021,J1625.1-0020,MSP,J1625.1-0021,J1625.1-0020,MSP,J1625.1-0021
7,J1906.6+0720,,,,,,,,,,,,
8,J0523.3-2528,J0523.3-2527,,J0523.3-2528,J0523.3-2527,bin,J0523.3-2528,J0523.3-2527,bin,J0523.3-2528,J0523.3-2527,bin,J0523.3-2528
9,J1306.4-6043,J1306.3-6043,,J1306.4-6043,J1306.3-6043,,J1306.4-6043,J1306.3-6043,,J1306.4-6043,J1306.3-6043,MSP,J1306.4-6043
10,J2039.6-5618,J2039.5-5617,,J2039.6-5618,J2039.5-5617,PSR,J2039.6-5618,J2039.5-5617,MSP,J2039.6-5618,J2039.5-5617,MSP,J2039.6-5618
11,J0212.1+5320,J0212.1+5321,,J0212.1+5320,J0212.1+5321,bin,J0212.1+5320,J0212.1+5321,bin,J0212.1+5320,J0212.1+5321,bin,J0212.1+5320
12,J2017.9+3627,J2017.9+3625,PSR,J2017.9+3627,J2017.9+3625,PSR,J2017.9+3627,J2017.9+3625,PSR,J2017.9+3627,J2017.9+3625,PSR,J2017.9+3627
13,J1405.4-6119,J1405.1-6119,,J1405.4-6119,J1405.1-6119,,J1405.4-6119,J1405.1-6119,HMB,J1405.4-6119,J1405.1-6119,HMB,J1405.4-6119
14,J1405.4-6119,J1405.1-6119,,J1405.4-6119,J1405.1-6119,,J1405.4-6119,J1409.1-6121e,,J1405.4-6119,J1405.1-6119,HMB,J1405.4-6119
15,J1405.4-6119,J1405.1-6119,,J1405.4-6119,J1409.1-6121e,,J1405.4-6119,J1405.1-6119,HMB,J1405.4-6119,J1405.1-6119,HMB,J1405.4-6119
16,J1405.4-6119,J1405.1-6119,,J1405.4-6119,J1409.1-6121e,,J1405.4-6119,J1409.1-6121e,,J1405.4-6119,J1405.1-6119,HMB,J1405.4-6119
17,J1405.4-6119,J1409.1-6121e,,J1405.4-6119,J1405.1-6119,,J1405.4-6119,J1405.1-6119,HMB,J1405.4-6119,J1405.1-6119,HMB,J1405.4-6119
18,J1405.4-6119,J1409.1-6121e,,J1405.4-6119,J1405.1-6119,,J1405.4-6119,J1409.1-6121e,,J1405.4-6119,J1405.1-6119,HMB,J1405.4-6119
19,J1405.4-6119,J1409.1-6121e,,J1405.4-6119,J1409.1-6121e,,J1405.4-6119,J1405.1-6119,HMB,J1405.4-6119,J1405.1-6119,HMB,J1405.4-6119
20,J1405.4-6119,J1409.1-6121e,,J1405.4-6119,J1409.1-6121e,,J1405.4-6119,J1409.1-6121e,,J1405.4-6119,J1405.1-6119,HMB,J1405.4-6119
21,J0340.4+5302,J0340.4+5302,,J0340.4+5302,J0340.4+5302,,J0340.4+5302,J0340.4+5302,,J0340.4+5302,J0340.4+5302,,J0340.4+5302
22,J0933.9-6232,J0933.8-6232,,J0933.9-6232,J0933.8-6232,,J0933.9-6232,J0933.8-6232,,J0933.9-6232,J0933.8-6232,,J0933.9-6232
23,J0634.1+0424,J0634.2+0436e,snr,J0634.1+0424,J0634.2+0436e,snr,J0634.1+0424,J0634.2+0436e,snr,J0634.1+0424,,,
24,J1745.3-2903c,,,,,,,,,,,,
25,J1622.9-5004,J1623.0-5004,PSR,J1622.9-5004,J1623.0-5004,PSR,J1622.9-5004,J1623.0-5004,PSR,J1622.9-5004,J1623.0-5004,PSR,J1622.9-5004
26,J1946.4-5403,J1946.5-5402,PSR,J1946.4-5403,J1946.5-5402,PSR,J1946.4-5403,J1946.5-5402,MSP,J1946.4-5403,J1946.5-5402,MSP,J1946.4-5403
27,J1747.0-2828,,,,,,,,,,,,
28,J1624.2-4041,J1624.1-4042,PSR,J1624.2-4041,J1624.1-4042,PSR,J1624.2-4041,J1624.1-4042,PSR,J1624.2-4041,J1624.1-4042,PSR,J1624.2-4041
29,J1539.2-3324,J1539.4-3323,,J1539.2-3324,J1539.4-3323,,J1539.2-3324,J1539.4-3323,,J1539.2-3324,J1539.4-3323,,J1539.2-3324
30,J0359.5+5413,J0359.4+5414,PSR,J0359.5+5413,J0359.4+5414,PSR,J0359.5+5413,J0359.4+5414,PSR,J0359.5+5413,J0359.4+5414,PSR,J0359.5+5413
31,J0954.8-3948,,,,,,,,,,,,
32,J1848.4-0141,,,,,,,,,,,,
33,J2004.4+3338,J2004.3+3339,unk,J2004.4+3338,J2004.3+3339,unk,J2004.4+3338,J2004.3+3339,unk,J2004.4+3338,J2004.3+3339,unk,J2004.4+3338
34,J2041.1+4736,J2041.1+4736,,J2041.1+4736,J2041.1+4736,,J2041.1+4736,J2041.1+4736,,J2041.1+4736,J2041.1+4736,,J2041.1+4736
35,J0854.8-4503,J0854.8-4504,,J0854.8-4503,J0854.8-4504,,J0854.8-4503,J0854.8-4504,,J0854.8-4503,J0854.8-4504,,J0854.8-4503
36,J0744.1-2523,J0744.0-2525,,J0744.1-2523,J0744.0-2525,bin,J0744.1-2523,J0744.0-2525,PSR,J0744.1-2523,J0744.0-2525,PSR,J0744.1-2523
37,J0002.6+6218,J0002.8+6217,PSR,J0002.6+6218,J0002.8+6217,PSR,J0002.6+6218,J0002.8+6217,PSR,J0002.6+6218,J0002.8+6217,PSR,J0002.6+6218
38,J0336.1+7500,J0336.0+7502,,J0336.1+7500,J0336.0+7502,,J0336.1+7500,J0336.0+7502,lmb,J0336.1+7500,J0336.0+7502,lmb,J0336.1+7500
39,J1800.8-2402,,,,,,,,,,,,
40,J1754.0-2538,,,,,,,,,,,,
41,J1823.2-1339,J1823.3-1340,,J1823.2-1339,J1823.3-1340,,J1823.2-1339,J1823.3-1340,,J1823.2-1339,J1823.3-1340,,J1823.2-1339
42,J1208.4-6239,J1208.2-6237,PSR,J1208.4-6239,J1208.2-6237,PSR,J1208.4-6239,J1208.2-6237,PSR,J1208.4-6239,J1208.2-6237,PSR,J1208.4-6239
43,J1650.3-4600,J1650.3-4600,PSR,J1650.3-4600,J1650.3-4600,PSR,J1650.3-4600,J1650.3-4600,PSR,J1650.3-4600,J1650.3-4600,PSR,J1650.3-4600
44,J1650.3-4600,J1650.3-4600,PSR,J1650.3-4600,J1650.3-4600,PSR,J1650.3-4600,J1652.2-4633e,,J1650.3-4600,J1650.3-4600,PSR,J1650.3-4600
45,J1650.3-4600,J1650.3-4600,PSR,J1650.3-4600,J1652.2-4633e,,J1650.3-4600,J1650.3-4600,PSR,J1650.3-4600,J1650.3-4600,PSR,J1650.3-4600
46,J1650.3-4600,J1650.3-4600,PSR,J1650.3-4600,J1652.2-4633e,,J1650.3-4600,J1652.2-4633e,,J1650.3-4600,J1650.3-4600,PSR,J1650.3-4600
47,J1650.3-4600,J1652.2-4633e,,J1650.3-4600,J1650.3-4600,PSR,J1650.3-4600,J1650.3-4600,PSR,J1650.3-4600,J1650.3-4600,PSR,J1650.3-4600
48,J1650.3-4600,J1652.2-4633e,,J1650.3-4600,J1650.3-4600,PSR,J1650.3-4600,J1652.2-4633e,,J1650.3-4600,J1650.3-4600,PSR,J1650.3-4600
49,J1650.3-4600,J1652.2-4633e,,J1650.3-4600,J1652.2-4633e,,J1650.3-4600,J1650.3-4600,PSR,J1650.3-4600,J1650.3-4600,PSR,J1650.3-4600
50,J1650.3-4600,J1652.2-4633e,,J1650.3-4600,J1652.2-4633e,,J1650.3-4600,J1652.2-4633e,,J1650.3-4600,J1650.3-4600,PSR,J1650.3-4600
51,J1056.7-5853,J1056.9-5852,PSR,J1056.7-5853,J1056.9-5852,PSR,J1056.7-5853,J1056.9-5852,PSR,J1056.7-5853,J1056.9-5852,PSR,J1056.7-5853
52,J1112.0-6135,,,,,,,,,,,,
53,J0914.5-4736,,,,,,,,,,,,
54,J1358.5-6025,J1358.3-6026,,J1358.5-6025,J1358.3-6026,,J1358.5-6025,J1358.3-6026,PSR,J1358.5-6025,J1358.3-6026,PSR,J1358.5-6025
55,J1104.9-6036,J1104.9-6037,PSR,J1104.9-6036,J1104.9-6037,PSR,J1104.9-6036,J1104.9-6037,PSR,J1104.9-6036,J1104.9-6037,PSR,J1104.9-6036
56,J0545.6+6019,J0545.7+6016,,J0545.6+6019,J0545.7+6016,,J0545.6+6019,J0545.7+6016,,J0545.6+6019,J0545.7+6016,,J0545.6+6019
57,J1742.6-3321,,,,,,,,,,,,
58,J1857.9+0210,,,,,,,,,,,,
59,J1740.5-2843,,,,,,,,,,,,
60,J1748.3-2815c,,,,,,,,,,,,
61,J1754.0-2930,,,,,,,,,,,,
62,J0238.0+5237,J0237.8+5238,,J0238.0+5237,J0237.8+5238,,J0238.0+5237,J0237.8+5238,,J0238.0+5237,J0237.8+5238,,J0238.0+5237
63,J1839.3-0552,J1839.4-0553,unk,J1839.3-0552,J1839.4-0553,unk,J1839.3-0552,J1839.4-0553,unk,J1839.3-0552,J1839.4-0553,unk,J1839.3-0552
64,J2117.6+3725,J2117.9+3729,,J2117.6+3725,J2117.9+3729,,J2117.6+3725,J2117.9+3729,,J2117.6+3725,J2117.9+3729,,J2117.6+3725
65,J0419.1+6636,J0418.9+6636,,J0419.1+6636,J0418.9+6636,,J0419.1+6636,J0418.9+6636,MSP,J0419.1+6636,J0418.9+6636,MSP,J0419.1+6636
66,J2212.5+0703,J2212.4+0708,,J2212.5+0703,J2212.4+0708,,J2212.5+0703,J2212.4+0708,,J2212.5+0703,J2212.4+0708,,J2212.5+0703
67,J1447.3-5800,J1447.4-5757,,J1447.3-5800,J1447.4-5757,,J1447.3-5800,J1447.4-5757,PSR,J1447.3-5800,J1447.4-5757,PSR,J1447.3-5800
68,J0426.7+5437,J0426.5+5434,,J0426.7+5437,J0426.5+5434,,J0426.7+5437,J0426.5+5434,,J0426.7+5437,J0426.5+5434,,J0426.7+5437
69,J0858.6-4357,,,,,,,,,,,,
70,J0953.7-1510,J0953.6-1509,,J0953.7-1510,J0953.6-1509,,J0953.7-1510,J0953.6-1509,,J0953.7-1510,J0953.6-1509,,J0953.7-1510
71,J1901.5-0126,J1901.4-0126,PSR,J1901.5-0126,J1901.4-0126,PSR,J1901.5-0126,J1901.4-0126,MSP,J1901.5-0126,J1901.4-0126,MSP,J1901.5-0126
72,J1624.1-4700,,,,,,,,,,,,
73,J0838.8-2829,J0838.7-2827,unk,J0838.8-2829,J0838.7-2827,bin,J0838.8-2829,J0838.7-2827,bin,J0838.8-2829,J0838.7-2827,bin,J0838.8-2829
74,J1852.8+0158,,,,J1852.6+0203,,J1852.8+0158,J1852.6+0203,,J1852.8+0158,J1852.6+0203,,J1852.8+0158
75,J1317.6-6315,J1317.5-6316,,J1317.6-6315,J1317.5-6316,,J1317.6-6315,J1317.5-6316,,J1317.6-6315,J1317.5-6316,,J1317.6-6315
76,J1231.6-5113,J1231.6-5116,,J1231.6-5113,J1231.6-5116,,J1231.6-5113,J1231.6-5116,PSR,J1231.6-5113,J1231.6-5116,PSR,J1231.6-5113
77,J1641.5-5319,J1641.2-5317,PSR,J1641.5-5319,J1641.2-5317,PSR,J1641.5-5319,J1641.2-5317,PSR,J1641.5-5319,J1641.2-5317,PSR,J1641.5-5319
78,J1120.6+0713,J1120.6+0713,bcu,J1120.6+0713,J1120.6+0713,bcu,J1120.6+0713,J1120.6+0713,bcu,J1120.6+0713,J1120.6+0713,bcu,J1120.6+0713
79,J1026.2-5730,J1026.2-5731,,J1026.2-5730,J1026.2-5731,,J1026.2-5730,J1026.2-5731,,J1026.2-5730,J1026.2-5731,,J1026.2-5730
80,J1843.7-0322,J1843.7-0326,,J1843.7-0322,J1843.7-0326,,J1843.7-0322,J1843.7-0326,,J1843.7-0322,J1843.7-0326,,J1843.7-0322
81,J0223.6+6204,J0222.4+6156e,snr,J0223.6+6204,J0222.4+6156e,snr,J0223.6+6204,J0222.4+6156e,snr,J0223.6+6204,,,
82,J0737.2-3233,J0736.9-3231,,J0737.2-3233,J0736.9-3231,,J0737.2-3233,J0736.9-3231,,J0737.2-3233,J0736.9-3231,,J0737.2-3233
83,J1503.5-5801,J1503.7-5801,bcu,J1503.5-5801,J1503.7-5801,bcu,J1503.5-5801,J1503.7-5801,bcu,J1503.5-5801,J1503.7-5801,bcu,J1503.5-5801
84,J0318.1+0252,J0318.2+0254,PSR,J0318.1+0252,J0318.2+0254,PSR,J0318.1+0252,J0318.2+0254,MSP,J0318.1+0252,J0318.2+0254,MSP,J0318.1+0252
85,J1740.5-2726,,,,,,,,,,,,
86,J2233.1+6542,,,,,,,,,,,,
87,J1857.2+0059,J1857.1+0056,,J1857.2+0059,J1857.1+0056,,J1857.2+0059,J1857.1+0056,,J1857.2+0059,J1857.1+0056,,J1857.2+0059
88,J2103.7-1113,J2103.7-1112,bcu,J2103.7-1113,J2103.7-1112,bcu,J2103.7-1113,J2103.7-1112,bcu,J2103.7-1113,J2103.7-1112,bcu,J2103.7-1113
89,J0802.3-5610,J0802.1-5612,,J0802.3-5610,J0802.1-5612,,J0802.3-5610,J0802.1-5612,PSR,J0802.3-5610,J0802.1-5612,PSR,J0802.3-5610
90,J1350.4-6224,J1350.6-6224,PSR,J1350.4-6224,J1350.6-6224,PSR,J1350.4-6224,J1350.6-6224,PSR,J1350.4-6224,J1350.6-6224,PSR,J1350.4-6224
91,J1139.0-6244,,,,,,,,,,,,
92,J0847.4-4327,,,,,,,,,,,,
93,J0758.6-1451,J0758.8-1450,,J0758.6-1451,J0758.8-1450,,J0758.6-1451,J0758.8-1450,,J0758.6-1451,J0758.8-1450,,J0758.6-1451
94,J0039.3+6256,J0039.1+6257,,J0039.3+6256,J0039.1+6257,,J0039.3+6256,J0039.1+6257,,J0039.3+6256,J0039.1+6257,,J0039.3+6256
95,J2035.0+3634,J2035.0+3632,,J2035.0+3634,J2035.0+3632,psr,J2035.0+3634,J2035.0+3632,MSP,J2035.0+3634,J2035.0+3632,MSP,J2035.0+3634
96,J2048.8+4436,,,,,,,J2049.3+4440c,,J2048.8+4436,J2049.3+4440c,,J2048.8+4436
97,J1329.8-6109,J1329.9-6108,,J1329.8-6109,J1329.9-6108,,J1329.8-6109,J1329.9-6108,,J1329.8-6109,J1329.9-6108,,J1329.8-6109
98,J1813.6-1148,J1813.7-1152,,J1813.6-1148,J1813.7-1152,,J1813.6-1148,J1813.7-1152,,J1813.6-1148,J1813.7-1152,,J1813.6-1148
99,J2038.4+4212,J2038.4+4212,,J2038.4+4212,J2038.4+4212,,J2038.4+4212,J2038.4+4212,,J2038.4+4212,J2038.4+4212,,J2038.4+4212
100,J1749.2-2911,,,,,,,,,,,,
101,J2023.5+4126,J2023.4+4127,bcu,J2023.5+4126,J2023.4+4127,bcu,J2023.5+4126,J2023.4+4127,bcu,J2023.5+4126,J2023.4+4127,bcu,J2023.5+4126
102,J1528.3-5836,J1528.4-5838,PSR,J1528.3-5836,J1528.4-5838,PSR,J1528.3-5836,J1528.4-5838,PSR,J1528.3-5836,J1528.4-5838,PSR,J1528.3-5836
103,J1650.0-4438c,J1649.3-4441,,J1650.0-4438c,J1649.3-4441,,J1650.0-4438c,J1649.3-4441,,J1650.0-4438c,J1649.3-4441,,J1650.0-4438c
104,J1557.0-4225,,,,,,,,,,,,
105,J1016.5-6034,J1015.5-6030,,J1016.5-6034,J1015.5-6030,,J1016.5-6034,J1015.5-6030,psr,J1016.5-6034,J1015.5-6030,psr,J1016.5-6034
106,J2032.5+3921,,,,,,,,,,,,
107,J1033.0-5945,,,,,,,,,,,,
108,J1552.8-5330,,,,,,,,,,,,
109,J1753.6-4447,,,,,,,,,,,,
110,J1037.9-5843,,,,,,,,,,,,
111,J0541.1+3553,,,,,,,,,,,,
112,J0312.1-0921,J0312.1-0921,,J0312.1-0921,J0312.1-0921,psr,J0312.1-0921,J0312.1-0921,MSP,J0312.1-0921,J0312.1-0921,MSP,J0312.1-0921
113,J0855.4-4818,,,,,,,,,,,,
114,J1919.9+1407,,,,,,,,,,,,
115,J1544.6-1125,J1544.5-1126,bcu,J1544.6-1125,J1544.5-1126,lmb,J1544.6-1125,J1544.5-1126,lmb,J1544.6-1125,J1544.5-1126,lmb,J1544.6-1125
116,J2042.4+4209,,,,,,,J2042.1+4209,bcu,J2042.4+4209,J2042.1+4209,bcu,J2042.4+4209
117,J1737.9-2511,,,,,,,J1738.2-2510,,J1737.9-2511,J1738.2-2510,,J1737.9-2511
118,J2333.0-5525,J2333.1-5527,,J2333.0-5525,J2333.1-5527,bin,J2333.0-5525,J2333.1-5527,msp,J2333.0-5525,J2333.1-5527,MSP,J2333.0-5525
119,J2039.4+4111,,,,,,,,,,,,
120,J1616.8-5343,J1616.6-5341,,J1616.8-5343,J1616.6-5341,,J1616.8-5343,J1616.6-5341,,J1616.8-5343,J1616.6-5341,,J1616.8-5343
121,J0857.6-4258,,,,,,,J0857.7-4256c,,J0857.6-4258,J0857.7-4256c,,J0857.6-4258
122,J1518.2-5232,J1517.9-5233,,J1518.2-5232,J1517.9-5233,,J1518.2-5232,J1517.9-5233,,J1518.2-5232,J1517.9-5233,,J1518.2-5232
123,J2034.6+4302,,,,,,,,,,,,
124,J0641.1+1004,,,,,,,,,,,,
125,J1652.8-4351,J1653.2-4349,,J1652.8-4351,J1653.2-4349,,J1652.8-4351,J1653.2-4349,,J1652.8-4351,J1653.2-4349,,J1652.8-4351
126,J1627.8+3217,J1627.7+3219,,J1627.8+3217,J1627.7+3219,psr,J1627.8+3217,J1627.7+3219,msp,J1627.8+3217,J1627.7+3219,MSP,J1627.8+3217
127,J2133.0-6433,J2133.1-6432,,J2133.0-6433,J2133.1-6432,,J2133.0-6433,J2133.1-6432,,J2133.0-6433,J2133.1-6432,,J2133.0-6433
128,J0915.8-5110,,,,,,,,,,,,
129,J1900.8+0337,J1900.4+0339,,J1900.8+0337,J1900.4+0339,,J1900.8+0337,J1900.4+0339,,J1900.8+0337,J1900.4+0339,,J1900.8+0337
130,J1844.3-0344,J1844.4-0345,PSR,J1844.3-0344,J1844.4-0345,PSR,J1844.3-0344,J1844.4-0345,PSR,J1844.3-0344,J1844.4-0345,PSR,J1844.3-0344
131,J0940.6-7609,J0940.3-7610,,J0940.6-7609,J0940.3-7610,,J0940.6-7609,J0940.3-7610,lmb,J0940.6-7609,J0940.3-7610,lmb,J0940.6-7609
132,J1744.7-2252,,,,J1745.5-2249,,J1744.7-2252,J1745.5-2249,,J1744.7-2252,J1745.5-2249,,J1744.7-2252
133,J1727.7-2637,,,,,,,,,,,,
