,3fgl,signif,ra,decl,lr_p,rf_p,blr,4fgldr1,4fgldr1-cls1,4fgldr1-3fgl,4fgldr2,4fgldr2-cls1,4fgldr2-3fgl
0,J1744.1-7619,32.85,266.045,−76.3286,1.0,0.96,MSP/MSP,J1744.0-7618,PSR,J1744.1-7619,J1744.0-7618,PSR,J1744.1-7619
1,J1653.6-0158,31.95,253.419,−1.9801,0.99,0.73,MSP/MSP,J1653.6-0158,PSR,J1653.6-0158,J1653.6-0158,PSR,J1653.6-0158
2,J1035.7-6720,30.48,158.926,−67.3335,1.0,0.94,MSP/MSP,J1035.4-6720,PSR,J1035.7-6720,J1035.4-6720,PSR,J1035.7-6720
3,J1119.9-2204,30.16,169.984,−22.0673,0.99,0.91,MSP/MSP,J1120.0-2204,,J1119.9-2204,J1120.0-2204,,J1119.9-2204
4,J2112.5-3044,30.14,318.145,−30.7344,0.99,0.94,MSP/MSP,J2112.5-3043,,J2112.5-3044,J2112.5-3043,,J2112.5-3044
5,J1702.8-5656,28.81,255.72,−56.9357,0.92,0.36,MSP/MSP,J1702.7-5655,,J1702.8-5656,J1702.7-5655,,J1702.8-5656
6,J1625.1-0021,28.53,246.279,−0.3586,1.0,0.98,MSP/MSP,J1625.1-0020,PSR,J1625.1-0021,J1625.1-0020,PSR,J1625.1-0021
7,J1906.6+0720,26.27,286.671,7.3339,1.0,0.85,YNG/YNG,,,,,,
8,J0523.3-2528,26.14,80.839,−25.4763,0.52,0.36,MSP/MSP,J0523.3-2527,,J0523.3-2528,J0523.3-2527,bin,J0523.3-2528
9,J1306.4-6043,25.45,196.615,−60.7317,1.0,0.9,MSP/MSP,J1306.3-6043,,J1306.4-6043,J1306.3-6043,,J1306.4-6043
10,J2039.6-5618,25.38,309.918,−56.3121,0.99,0.82,MSP/MSP,J2039.5-5617,,J2039.6-5618,J2039.5-5617,PSR,J2039.6-5618
11,J0212.1+5320,25.07,33.037,53.3360,0.98,0.92,MSP/MSP,J0212.1+5321,,J0212.1+5320,J0212.1+5321,bin,J0212.1+5320
12,J2017.9+3627,25.04,304.485,36.4591,1.0,0.85,YNG/YNG,J2017.9+3625,PSR,J2017.9+3627,J2017.9+3625,PSR,J2017.9+3627
13,J1405.4-6119,24.82,211.356,−61.3168,1.0,0.77,YNG/YNG,J1405.1-6119,,J1405.4-6119,J1405.1-6119,,J1405.4-6119
14,J1405.4-6119,24.82,211.356,−61.3168,1.0,0.77,YNG/YNG,J1405.1-6119,,J1405.4-6119,J1409.1-6121e,,J1405.4-6119
15,J1405.4-6119,24.82,211.356,−61.3168,1.0,0.77,YNG/YNG,J1409.1-6121e,,J1405.4-6119,J1405.1-6119,,J1405.4-6119
16,J1405.4-6119,24.82,211.356,−61.3168,1.0,0.77,YNG/YNG,J1409.1-6121e,,J1405.4-6119,J1409.1-6121e,,J1405.4-6119
17,J0340.4+5302,22.31,55.1,53.0484,0.99,0.28,YNG/YNG,J0340.4+5302,,J0340.4+5302,J0340.4+5302,,J0340.4+5302
18,J0933.9-6232,22.07,143.481,−62.5338,0.99,0.96,MSP/MSP,J0933.8-6232,,J0933.9-6232,J0933.8-6232,,J0933.9-6232
19,J0634.1+0424,21.06,98.528,4.4062,0.98,0.69,YNG/YNG,J0634.2+0436e,snr,J0634.1+0424,J0634.2+0436e,snr,J0634.1+0424
20,J1745.3-2903c,20.66,266.343,−29.0630,1.0,0.87,YNG/YNG,,,,,,
21,J1622.9-5004,20.65,245.726,−50.0753,0.99,0.75,YNG/YNG,J1623.0-5004,PSR,J1622.9-5004,J1623.0-5004,PSR,J1622.9-5004
22,J1946.4-5403,20.29,296.614,−54.0570,0.98,0.96,MSP/MSP,J1946.5-5402,PSR,J1946.4-5403,J1946.5-5402,PSR,J1946.4-5403
23,J1747.0-2828,20.26,266.775,−28.4819,1.0,0.73,YNG/YNG,,,,,,
24,J1624.2-4041,19.27,246.059,−40.6865,0.99,0.85,YNG/YNG,J1624.1-4042,PSR,J1624.2-4041,J1624.1-4042,PSR,J1624.2-4041
25,J1539.2-3324,19.23,234.823,−33.4142,0.96,0.93,MSP/MSP,J1539.4-3323,,J1539.2-3324,J1539.4-3323,,J1539.2-3324
26,J0359.5+5413,19.17,59.881,54.2220,1.0,0.83,MSP/YNG,J0359.4+5414,PSR,J0359.5+5413,J0359.4+5414,PSR,J0359.5+5413
27,J0954.8-3948,18.89,148.712,−39.8087,0.86,0.26,MSP/MSP,,,,,,
28,J1848.4-0141,18.67,282.118,−1.6927,1.0,0.73,YNG/YNG,,,,,,
29,J2004.4+3338,18.46,301.103,33.6451,0.66,0.2,MSP/YNG,J2004.3+3339,unk,J2004.4+3338,J2004.3+3339,unk,J2004.4+3338
30,J2041.1+4736,18.38,310.281,47.6030,0.99,0.43,YNG/YNG,J2041.1+4736,,J2041.1+4736,J2041.1+4736,,J2041.1+4736
31,J0854.8-4503,18.21,133.711,−45.0616,0.98,0.82,YNG/YNG,J0854.8-4504,,J0854.8-4503,J0854.8-4504,,J0854.8-4503
32,J0744.1-2523,18.1,116.045,−25.3994,0.97,0.38,MSP/YNG,J0744.0-2525,,J0744.1-2523,J0744.0-2525,bin,J0744.1-2523
33,J0002.6+6218,17.97,0.674,62.3006,0.99,0.81,YNG/YNG,J0002.8+6217,PSR,J0002.6+6218,J0002.8+6217,PSR,J0002.6+6218
34,J0336.1+7500,17.75,54.044,75.0153,0.95,0.72,MSP/MSP,J0336.0+7502,,J0336.1+7500,J0336.0+7502,,J0336.1+7500
35,J1800.8-2402,17.48,270.222,−24.0351,0.98,0.77,YNG/YNG,,,,,,
36,J1754.0-2538,16.84,268.508,−25.6486,0.95,0.79,YNG/YNG,,,,,,
37,J1823.2-1339,16.64,275.82,−13.6513,1.0,0.8,YNG/YNG,J1823.3-1340,,J1823.2-1339,J1823.3-1340,,J1823.2-1339
38,J1208.4-6239,16.23,182.12,−62.6612,0.98,0.75,YNG/YNG,J1208.2-6237,PSR,J1208.4-6239,J1208.2-6237,PSR,J1208.4-6239
39,J1650.3-4600,16.18,252.599,−46.0141,0.99,0.84,YNG/YNG,J1650.3-4600,PSR,J1650.3-4600,J1650.3-4600,PSR,J1650.3-4600
40,J1650.3-4600,16.18,252.599,−46.0141,0.99,0.84,YNG/YNG,J1650.3-4600,PSR,J1650.3-4600,J1652.2-4633e,,J1650.3-4600
41,J1650.3-4600,16.18,252.599,−46.0141,0.99,0.84,YNG/YNG,J1652.2-4633e,,J1650.3-4600,J1650.3-4600,PSR,J1650.3-4600
42,J1650.3-4600,16.18,252.599,−46.0141,0.99,0.84,YNG/YNG,J1652.2-4633e,,J1650.3-4600,J1652.2-4633e,,J1650.3-4600
43,J1056.7-5853,16.11,164.179,−58.8960,1.0,0.67,YNG/YNG,J1056.9-5852,PSR,J1056.7-5853,J1056.9-5852,PSR,J1056.7-5853
44,J1112.0-6135,15.69,168.017,−61.5842,0.97,0.65,YNG/YNG,,,,,,
45,J0914.5-4736,15.57,138.641,−47.6152,0.5,0.39,YNG/YNG,,,,,,
46,J1358.5-6025,15.43,209.643,−60.4298,1.0,0.7,YNG/YNG,J1358.3-6026,,J1358.5-6025,J1358.3-6026,,J1358.5-6025
47,J1104.9-6036,15.4,166.248,−60.6091,1.0,0.85,YNG/YNG,J1104.9-6037,PSR,J1104.9-6036,J1104.9-6037,PSR,J1104.9-6036
48,J0545.6+6019,15.39,86.415,60.3219,0.56,0.37,MSP/MSP,J0545.7+6016,,J0545.6+6019,J0545.7+6016,,J0545.6+6019
49,J1742.6-3321,15.31,265.665,−33.3562,1.0,0.83,YNG/YNG,,,,,,
50,J1857.9+0210,15.19,284.49,2.1704,1.0,0.85,YNG/YNG,,,,,,
51,J1740.5-2843,15.13,265.125,−28.7170,1.0,0.76,YNG/YNG,,,,,,
52,J1748.3-2815c,15.11,267.092,−28.2589,0.98,0.78,YNG/YNG,,,,,,
53,J1754.0-2930,15.03,268.5,−29.5059,0.99,0.65,YNG/YNG,,,,,,
54,J0238.0+5237,14.99,39.505,52.6256,0.97,0.65,MSP/MSP,J0237.8+5238,,J0238.0+5237,J0237.8+5238,,J0238.0+5237
55,J1839.3-0552,14.92,279.848,−5.8816,1.0,0.88,YNG/YNG,J1839.4-0553,unk,J1839.3-0552,J1839.4-0553,unk,J1839.3-0552
56,J2117.6+3725,14.5,319.421,37.4256,0.98,0.3,MSP/MSP,J2117.9+3729,,J2117.6+3725,J2117.9+3729,,J2117.6+3725
57,J0419.1+6636,14.47,64.778,66.6049,0.26,0.33,MSP/MSP,J0418.9+6636,,J0419.1+6636,J0418.9+6636,,J0419.1+6636
58,J2212.5+0703,14.28,333.147,7.0598,0.69,0.4,MSP/MSP,J2212.4+0708,,J2212.5+0703,J2212.4+0708,,J2212.5+0703
59,J1447.3-5800,14.23,221.831,−58.0049,1.0,0.61,YNG/YNG,J1447.4-5757,,J1447.3-5800,J1447.4-5757,,J1447.3-5800
60,J0426.7+5437,14.19,66.681,54.6168,1.0,0.71,YNG/YNG,J0426.5+5434,,J0426.7+5437,J0426.5+5434,,J0426.7+5437
61,J0858.6-4357,14.13,134.657,−43.9582,0.94,0.56,YNG/YNG,,,,,,
62,J0953.7-1510,14.0,148.429,−15.1745,0.97,0.88,MSP/MSP,J0953.6-1509,,J0953.7-1510,J0953.6-1509,,J0953.7-1510
63,J1901.5-0126,13.97,285.399,−1.4481,0.31,0.26,YNG/YNG,J1901.4-0126,PSR,J1901.5-0126,J1901.4-0126,PSR,J1901.5-0126
64,J1624.1-4700,13.9,246.042,−47.0058,0.88,0.58,YNG/YNG,,,,,,
65,J0838.8-2829,13.74,129.704,−28.4892,0.6,0.57,MSP/MSP,J0838.7-2827,unk,J0838.8-2829,J0838.7-2827,bin,J0838.8-2829
66,J1852.8+0158,13.71,283.209,1.9722,0.98,0.78,YNG/YNG,,,,J1852.6+0203,,J1852.8+0158
67,J1317.6-6315,13.53,199.403,−63.2598,0.97,0.64,YNG/YNG,J1317.5-6316,,J1317.6-6315,J1317.5-6316,,J1317.6-6315
68,J1231.6-5113,13.45,187.902,−51.2210,0.99,0.39,YNG/MSP,J1231.6-5116,,J1231.6-5113,J1231.6-5116,,J1231.6-5113
69,J1641.5-5319,13.22,250.378,−53.3237,0.99,0.57,YNG/MSP,J1641.2-5317,PSR,J1641.5-5319,J1641.2-5317,PSR,J1641.5-5319
70,J1120.6+0713,13.18,170.172,7.2235,0.11,0.45,MSP/MSP,J1120.6+0713,bcu,J1120.6+0713,J1120.6+0713,bcu,J1120.6+0713
71,J1026.2-5730,13.14,156.56,−57.5166,0.96,0.85,YNG/YNG,J1026.2-5731,,J1026.2-5730,J1026.2-5731,,J1026.2-5730
72,J1843.7-0322,13.09,280.928,−3.3772,1.0,0.7,YNG/YNG,J1843.7-0326,,J1843.7-0322,J1843.7-0326,,J1843.7-0322
73,J0223.6+6204,12.88,35.906,62.0811,1.0,0.86,YNG/YNG,J0222.4+6156e,snr,J0223.6+6204,J0222.4+6156e,snr,J0223.6+6204
74,J0737.2-3233,12.87,114.314,−32.5588,0.98,0.51,YNG/MSP,J0736.9-3231,,J0737.2-3233,J0736.9-3231,,J0737.2-3233
75,J1503.5-5801,12.8,225.893,−58.0294,0.92,0.51,YNG/YNG,J1503.7-5801,bcu,J1503.5-5801,J1503.7-5801,bcu,J1503.5-5801
76,J0318.1+0252,12.76,49.536,2.8695,0.88,0.82,MSP/MSP,J0318.2+0254,PSR,J0318.1+0252,J0318.2+0254,PSR,J0318.1+0252
77,J1740.5-2726,12.75,265.134,−27.4500,1.0,0.7,YNG/YNG,,,,,,
78,J2233.1+6542,12.69,338.279,65.7148,0.98,0.32,YNG/YNG,,,,,,
79,J1857.2+0059,12.39,284.31,0.9863,0.99,0.79,YNG/YNG,J1857.1+0056,,J1857.2+0059,J1857.1+0056,,J1857.2+0059
80,J2103.7-1113,12.33,315.942,−11.2291,0.3,0.42,MSP/MSP,J2103.7-1112,bcu,J2103.7-1113,J2103.7-1112,bcu,J2103.7-1113
81,J0802.3-5610,12.31,120.583,−56.1688,0.87,0.41,MSP/MSP,J0802.1-5612,,J0802.3-5610,J0802.1-5612,,J0802.3-5610
82,J1350.4-6224,12.31,207.622,−62.4120,0.98,0.79,YNG/YNG,J1350.6-6224,PSR,J1350.4-6224,J1350.6-6224,PSR,J1350.4-6224
83,J1139.0-6244,12.23,174.751,−62.7368,0.98,0.54,YNG/YNG,,,,,,
84,J0847.4-4327,12.2,131.863,−43.4587,0.47,0.61,YNG/YNG,,,,,,
85,J0758.6-1451,12.06,119.656,−14.8661,0.95,0.54,MSP/MSP,J0758.8-1450,,J0758.6-1451,J0758.8-1450,,J0758.6-1451
86,J0039.3+6256,11.99,9.834,62.9415,0.92,0.89,MSP/MSP,J0039.1+6257,,J0039.3+6256,J0039.1+6257,,J0039.3+6256
87,J2035.0+3634,11.92,308.758,36.5814,0.94,0.77,MSP/MSP,J2035.0+3632,,J2035.0+3634,J2035.0+3632,psr,J2035.0+3634
88,J2048.8+4436,11.89,312.224,44.6082,0.99,0.48,YNG/YNG,,,,,,
89,J1329.8-6109,11.85,202.468,−61.1620,0.94,0.55,MSP/MSP,J1329.9-6108,,J1329.8-6109,J1329.9-6108,,J1329.8-6109
90,J1813.6-1148,11.84,273.423,−11.8084,1.0,0.68,YNG/YNG,J1813.7-1152,,J1813.6-1148,J1813.7-1152,,J1813.6-1148
91,J2038.4+4212,11.76,309.625,42.2085,0.96,0.73,YNG/YNG,J2038.4+4212,,J2038.4+4212,J2038.4+4212,,J2038.4+4212
92,J1749.2-2911,11.72,267.315,−29.1929,1.0,0.87,YNG/YNG,,,,,,
93,J2023.5+4126,11.63,305.876,41.4337,0.98,0.53,YNG/YNG,J2023.4+4127,bcu,J2023.5+4126,J2023.4+4127,bcu,J2023.5+4126
94,J1528.3-5836,11.53,232.078,−58.6077,0.59,0.65,MSP/MSP,J1528.4-5838,PSR,J1528.3-5836,J1528.4-5838,PSR,J1528.3-5836
95,J1650.0-4438c,11.5,252.507,−44.6387,0.92,0.56,YNG/YNG,J1649.3-4441,,J1650.0-4438c,J1649.3-4441,,J1650.0-4438c
96,J1557.0-4225,11.46,239.264,−42.4218,0.98,0.32,YNG/YNG,,,,,,
97,J1016.5-6034,11.34,154.135,−60.5764,0.49,0.33,MSP/MSP,J1015.5-6030,,J1016.5-6034,J1015.5-6030,,J1016.5-6034
98,J2032.5+3921,11.31,308.139,39.3589,0.91,0.72,YNG/YNG,,,,,,
99,J1033.0-5945,11.3,158.266,−59.7513,0.93,0.44,YNG/YNG,,,,,,
100,J1552.8-5330,11.2,238.212,−53.5131,1.0,0.85,YNG/YNG,,,,,,
101,J1753.6-4447,11.12,268.404,−44.7930,0.75,0.68,MSP/MSP,,,,,,
102,J1037.9-5843,11.11,159.488,−58.7300,0.92,0.62,YNG/YNG,,,,,,
103,J0541.1+3553,10.94,85.277,35.8975,0.99,0.69,YNG/YNG,,,,,,
104,J0312.1-0921,10.92,48.041,−9.3593,0.74,0.52,MSP/MSP,J0312.1-0921,,J0312.1-0921,J0312.1-0921,psr,J0312.1-0921
105,J0855.4-4818,10.88,133.855,−48.3163,0.99,0.68,YNG/YNG,,,,,,
106,J1919.9+1407,10.88,289.981,14.1179,0.52,0.68,YNG/YNG,,,,,,
107,J1544.6-1125,10.85,236.17,−11.4275,0.64,0.29,MSP/MSP,J1544.5-1126,bcu,J1544.6-1125,J1544.5-1126,lmb,J1544.6-1125
108,J2042.4+4209,10.74,310.614,42.1532,0.62,0.52,YNG/YNG,,,,,,
109,J1737.9-2511,10.73,264.476,−25.1858,0.97,0.54,YNG/YNG,,,,,,
110,J2333.0-5525,10.72,353.264,−55.4265,0.1,0.18,MSP/MSP,J2333.1-5527,,J2333.0-5525,J2333.1-5527,bin,J2333.0-5525
111,J2039.4+4111,10.72,309.854,41.1982,0.94,0.7,YNG/YNG,,,,,,
112,J1616.8-5343,10.63,244.205,−53.7243,0.88,0.43,MSP/YNG,J1616.6-5341,,J1616.8-5343,J1616.6-5341,,J1616.8-5343
113,J0857.6-4258,10.62,134.409,−42.9824,0.76,0.5,YNG/YNG,,,,,,
114,J1518.2-5232,10.36,229.571,−52.5349,0.36,0.35,MSP/MSP,J1517.9-5233,,J1518.2-5232,J1517.9-5233,,J1518.2-5232
115,J2034.6+4302,10.34,308.67,43.0390,0.99,0.74,YNG/YNG,,,,,,
116,J0641.1+1004,10.22,100.286,10.0833,0.61,0.24,YNG/YNG,,,,,,
117,J1652.8-4351,10.2,253.203,−43.8566,0.96,0.67,YNG/YNG,J1653.2-4349,,J1652.8-4351,J1653.2-4349,,J1652.8-4351
118,J1627.8+3217,10.17,246.968,32.2988,0.39,0.38,MSP/MSP,J1627.7+3219,,J1627.8+3217,J1627.7+3219,psr,J1627.8+3217
119,J2133.0-6433,10.13,323.259,−64.5535,0.12,0.53,MSP/MSP,J2133.1-6432,,J2133.0-6433,J2133.1-6432,,J2133.0-6433
120,J0915.8-5110,10.1,138.964,−51.1799,0.68,0.22,YNG/YNG,,,,,,
121,J1900.8+0337,10.1,285.205,3.6230,1.0,0.69,YNG/YNG,J1900.4+0339,,J1900.8+0337,J1900.4+0339,,J1900.8+0337
122,J1844.3-0344,10.06,281.1,−3.7468,1.0,0.84,YNG/YNG,J1844.4-0345,PSR,J1844.3-0344,J1844.4-0345,PSR,J1844.3-0344
123,J0940.6-7609,10.06,145.164,−76.1608,0.43,0.39,MSP/MSP,J0940.3-7610,,J0940.6-7609,J0940.3-7610,,J0940.6-7609
124,J1744.7-2252,10.05,266.181,−22.8695,0.95,0.47,YNG/YNG,,,,J1745.5-2249,,J1744.7-2252
125,J1727.7-2637,10.04,261.946,−26.6251,1.0,0.53,YNG/YNG,,,,,,
