,3fgl,signif,ra,decl,lr_p,rf_p,blr,4fgldr1,4fgldr1-cls1,4fgldr1-3fgl,4fgldr2,4fgldr2-cls1,4fgldr2-3fgl,4fgldr3,4fgldr3-cls1,4fgldr3-3fgl,4fgldr4,4fgldr4-cls1,4fgldr4-3fgl,4fgldr3_features,4fgldr3_labels,predict_lr_dr3,predict_nn_dr3,predict_dnn_dr3,predict_rf_dr3
0,J1744.1-7619,32.85,266.045,−76.3286,1.0,0.96,MSP/MSP,J1744.0-7618,PSR,J1744.1-7619,J1744.0-7618,PSR,J1744.1-7619,J1744.0-7618,MSP,J1744.1-7619,J1744.0-7618,MSP,J1744.1-7619,"[2.1591317653656006, 1.7504385709762573, 1.6571564674377441, 6.021377086639404, -30.55856221322891, -29.965969569931936, -28.104305195153735, -30.025560907050956, -22.99852107680214, 0.5772351622581482, 0.0, 21.160789489746094, 63.27223205566406, 0.37304150114890977, 0.2908093238596711, -0.3326077824837978, -0.6639395566637049, -0.9910732194685934, -0.9998384799134757, -0.8884450093009365]",[0],PSR,PSR,PSR,PSR
1,J1653.6-0158,31.95,253.419,−1.9801,0.99,0.73,MSP/MSP,J1653.6-0158,PSR,J1653.6-0158,J1653.6-0158,PSR,J1653.6-0158,J1653.6-0158,MSP,J1653.6-0158,J1653.6-0158,MSP,J1653.6-0158,"[2.2953970432281494, 2.065356492996216, 2.000744342803955, 17.244741439819336, -29.385071721597598, -28.942975996572404, -27.613075204392, -29.013626789519854, -22.815069678304248, 0.30258601903915405, 0.06211395189166069, 15.800226211547852, 64.14997100830078, 0.0918148700293061, -0.31978769691161313, -0.5839715643639537, -0.7249067196424269, -0.9628265119889463, -0.9998267200848416, 0.06060970437870134]",[0],PSR,PSR,PSR,PSR
2,J1035.7-6720,30.48,158.926,−67.3335,1.0,0.94,MSP/MSP,J1035.4-6720,PSR,J1035.7-6720,J1035.4-6720,PSR,J1035.7-6720,J1035.4-6720,MSP,J1035.7-6720,J1035.4-6720,MSP,J1035.7-6720,"[2.2046194076538086, 1.912575364112854, 1.8170665502548218, 5.286185264587402, -30.632159119235915, -30.07033761611718, -27.926413473124626, -30.112461410172667, -23.003345462345173, 0.5132527351379395, 0.0, 17.543550491333008, 52.660160064697266, 0.9855455633196265, 0.8345239671101216, -0.3490208981935602, -0.693259430065524, -0.9403349437474122, -0.9999997122353093, 0.9762562012698193]",[0],PSR,PSR,PSR,PSR
3,J1119.9-2204,30.16,169.984,−22.0673,0.99,0.91,MSP/MSP,J1120.0-2204,,J1119.9-2204,J1120.0-2204,,J1119.9-2204,J1120.0-2204,,J1119.9-2204,J1120.0-2204,lmb,J1119.9-2204,,,NA,NA,NA,NA
4,J2112.5-3044,30.14,318.145,−30.7344,0.99,0.94,MSP/MSP,J2112.5-3043,,J2112.5-3044,J2112.5-3043,,J2112.5-3044,J2112.5-3043,,J2112.5-3044,J2112.5-3043,,J2112.5-3044,,,NA,NA,NA,NA
5,J1702.8-5656,28.81,255.72,−56.9357,0.92,0.36,MSP/MSP,J1702.7-5655,,J1702.8-5656,J1702.7-5655,,J1702.8-5656,J1702.7-5655,,J1702.8-5656,J1702.7-5655,bin,J1702.8-5656,,,NA,NA,NA,NA
6,J1625.1-0021,28.53,246.279,−0.3586,1.0,0.98,MSP/MSP,J1625.1-0020,PSR,J1625.1-0021,J1625.1-0020,PSR,J1625.1-0021,J1625.1-0020,MSP,J1625.1-0021,J1625.1-0020,MSP,J1625.1-0021,"[2.0794034004211426, 1.8979341983795166, 1.7629021406173706, 7.948478698730469, -31.048304319205513, -30.35623412641898, -28.030703690153572, -30.525424740193728, -22.926523871995343, 0.552607536315918, 0.0, 19.591814041137695, 62.23423385620117, -0.3209525214567193, -0.04092739603554161, -0.24796258513983335, -0.6140922513491888, -0.9864255651828334, -0.9999981160336696, 0.9376644841809945]",[0],PSR,PSR,PSR,PSR
7,J1906.6+0720,26.27,286.671,7.3339,1.0,0.85,YNG/YNG,,,,,,,,,,,,,,,NA,NA,NA,NA
8,J0523.3-2528,26.14,80.839,−25.4763,0.52,0.36,MSP/MSP,J0523.3-2527,,J0523.3-2528,J0523.3-2527,bin,J0523.3-2528,J0523.3-2527,bin,J0523.3-2528,J0523.3-2527,bin,J0523.3-2528,,,NA,NA,NA,NA
9,J1306.4-6043,25.45,196.615,−60.7317,1.0,0.9,MSP/MSP,J1306.3-6043,,J1306.4-6043,J1306.3-6043,,J1306.4-6043,J1306.3-6043,,J1306.4-6043,J1306.3-6043,MSP,J1306.4-6043,,,NA,NA,NA,NA
10,J2039.6-5618,25.38,309.918,−56.3121,0.99,0.82,MSP/MSP,J2039.5-5617,,J2039.6-5618,J2039.5-5617,PSR,J2039.6-5618,J2039.5-5617,MSP,J2039.6-5618,J2039.5-5617,MSP,J2039.6-5618,"[2.185556650161743, 1.9665131568908691, 1.9009748697280884, 19.089670181274414, -30.496699159873415, -30.140449223111617, -28.061938953228587, -30.198213814067838, -23.284775505601047, 0.22522440552711487, 0.09719730913639069, 9.627971649169922, 49.79351806640625, -0.3125100566330578, -0.4596967802361686, -0.4707277011789019, -0.5667547185706899, -0.9459018674102637, -0.9997071997979708, -0.9690648583640024]",[0],PSR,PSR,PSR,PSR
11,J0212.1+5320,25.07,33.037,53.3360,0.98,0.92,MSP/MSP,J0212.1+5321,,J0212.1+5320,J0212.1+5321,bin,J0212.1+5320,J0212.1+5321,bin,J0212.1+5320,J0212.1+5321,bin,J0212.1+5320,,,NA,NA,NA,NA
12,J2017.9+3627,25.04,304.485,36.4591,1.0,0.85,YNG/YNG,J2017.9+3625,PSR,J2017.9+3627,J2017.9+3625,PSR,J2017.9+3627,J2017.9+3625,PSR,J2017.9+3627,J2017.9+3625,PSR,J2017.9+3627,"[2.530485153198242, 2.4059481620788574, 2.315904140472412, 15.397648811340332, -29.702420706114342, -29.16191152257613, -26.09844786856493, -29.2012999595624, -21.992434547730515, 0.5189025402069092, 0.051455751061439514, 18.265140533447266, 53.86684799194336, 0.6938842173444337, -0.3417071962822006, -0.5186228794084701, -0.7859851811539516, -0.976794545291115, -0.5525164056537557, -0.9999999981316328]",[0],PSR,PSR,PSR,PSR
13,J1405.4-6119,24.82,211.356,−61.3168,1.0,0.77,YNG/YNG,J1405.1-6119,,J1405.4-6119,J1405.1-6119,,J1405.4-6119,J1405.1-6119,HMB,J1405.4-6119,J1405.1-6119,HMB,J1405.4-6119,,,NA,NA,NA,NA
14,J1405.4-6119,24.82,211.356,−61.3168,1.0,0.77,YNG/YNG,J1405.1-6119,,J1405.4-6119,J1405.1-6119,,J1405.4-6119,J1409.1-6121e,,J1405.4-6119,J1405.1-6119,HMB,J1405.4-6119,,,NA,NA,NA,NA
21,J0340.4+5302,22.31,55.1,53.0484,0.99,0.28,YNG/YNG,J0340.4+5302,,J0340.4+5302,J0340.4+5302,,J0340.4+5302,J0340.4+5302,,J0340.4+5302,J0340.4+5302,,J0340.4+5302,,,NA,NA,NA,NA
22,J0933.9-6232,22.07,143.481,−62.5338,0.99,0.96,MSP/MSP,J0933.8-6232,,J0933.9-6232,J0933.8-6232,,J0933.9-6232,J0933.8-6232,,J0933.9-6232,J0933.8-6232,,J0933.9-6232,,,NA,NA,NA,NA
23,J0634.1+0424,21.06,98.528,4.4062,0.98,0.69,YNG/YNG,J0634.2+0436e,snr,J0634.1+0424,J0634.2+0436e,snr,J0634.1+0424,J0634.2+0436e,snr,J0634.1+0424,,,,,,NA,NA,NA,NA
24,J1745.3-2903c,20.66,266.343,−29.0630,1.0,0.87,YNG/YNG,,,,,,,,,,,,,,,NA,NA,NA,NA
25,J1622.9-5004,20.65,245.726,−50.0753,0.99,0.75,YNG/YNG,J1623.0-5004,PSR,J1622.9-5004,J1623.0-5004,PSR,J1622.9-5004,J1623.0-5004,PSR,J1622.9-5004,J1623.0-5004,PSR,J1622.9-5004,"[2.3285515308380127, 2.078021764755249, 2.03473162651062, 7.7903828620910645, -31.15462507540475, -30.713594412464015, -26.01390391790663, -30.771321057807548, -21.48768735766206, 0.40356653928756714, 0.0, 11.122803688049316, 37.881587982177734, 0.9938037448797393, -0.3996126632039704, -0.11265504981543488, -0.4913839615085858, -0.7966658245343071, -0.9350120144851565, -0.9999161448805821]",[0],PSR,PSR,PSR,PSR
26,J1946.4-5403,20.29,296.614,−54.0570,0.98,0.96,MSP/MSP,J1946.5-5402,PSR,J1946.4-5403,J1946.5-5402,PSR,J1946.4-5403,J1946.5-5402,MSP,J1946.4-5403,J1946.5-5402,MSP,J1946.4-5403,"[2.2506771087646484, 1.853751301765442, 1.7762590646743774, 3.85417103767395, -30.377494742506926, -29.83167337487395, -28.36395881576768, -29.890994848384132, -23.359150898414608, 0.5212212800979614, 0.0, 12.967143058776855, 39.9442138671875, 0.23978180178460543, -0.32105383766371187, -0.3881031262397177, -0.7664963240966137, -0.9999997483312578, 0.7848710347802397, 0.2620225343651553]",[0],PSR,PSR,PSR,PSR
27,J1747.0-2828,20.26,266.775,−28.4819,1.0,0.73,YNG/YNG,,,,,,,,,,,,,,,NA,NA,NA,NA
28,J1624.2-4041,19.27,246.059,−40.6865,0.99,0.85,YNG/YNG,J1624.1-4042,PSR,J1624.2-4041,J1624.1-4042,PSR,J1624.2-4041,J1624.1-4042,PSR,J1624.2-4041,J1624.1-4042,PSR,J1624.2-4041,"[2.372375249862671, 2.131211757659912, 2.0307419300079346, 13.49041748046875, -30.167699728363228, -29.67502659502366, -27.241469316500186, -29.71828829051057, -22.63833779491344, 0.44124558568000793, 0.030853157863020897, 13.826617240905762, 41.7386589050293, 0.9999534487200576, -0.3257139811920888, -0.489673299163171, -0.7031413692398935, -0.9614819199059543, -0.9986913837310696, -0.9422702532197468]",[0],PSR,PSR,PSR,PSR
29,J1539.2-3324,19.23,234.823,−33.4142,0.96,0.93,MSP/MSP,J1539.4-3323,,J1539.2-3324,J1539.4-3323,,J1539.2-3324,J1539.4-3323,,J1539.2-3324,J1539.4-3323,,J1539.2-3324,,,NA,NA,NA,NA
30,J0359.5+5413,19.17,59.881,54.2220,1.0,0.83,MSP/YNG,J0359.4+5414,PSR,J0359.5+5413,J0359.4+5414,PSR,J0359.5+5413,J0359.4+5414,PSR,J0359.5+5413,J0359.4+5414,PSR,J0359.5+5413,"[2.3823177814483643, 2.317178249359131, 2.1768736839294434, 3.154869794845581, -30.802249150044894, -30.267307182709917, -27.38775400944894, -30.35206028064222, -22.805255392535006, 0.47238513827323914, 0.0, 13.096075057983398, 33.134273529052734, 0.8786093107138311, 0.0938797081887888, -0.5072067276060791, -0.701259849103805, -0.9842945223444121, -0.9999892007275241, 0.9747845282120428]",[0],PSR,PSR,PSR,PSR
31,J0954.8-3948,18.89,148.712,−39.8087,0.86,0.26,MSP/MSP,,,,,,,,,,,,,,,NA,NA,NA,NA
32,J1848.4-0141,18.67,282.118,−1.6927,1.0,0.73,YNG/YNG,,,,,,,,,,,,,,,NA,NA,NA,NA
33,J2004.4+3338,18.46,301.103,33.6451,0.66,0.2,MSP/YNG,J2004.3+3339,unk,J2004.4+3338,J2004.3+3339,unk,J2004.4+3338,J2004.3+3339,unk,J2004.4+3338,J2004.3+3339,unk,J2004.4+3338,,,NA,NA,NA,NA
34,J2041.1+4736,18.38,310.281,47.6030,0.99,0.43,YNG/YNG,J2041.1+4736,,J2041.1+4736,J2041.1+4736,,J2041.1+4736,J2041.1+4736,,J2041.1+4736,J2041.1+4736,,J2041.1+4736,,,NA,NA,NA,NA
35,J0854.8-4503,18.21,133.711,−45.0616,0.98,0.82,YNG/YNG,J0854.8-4504,,J0854.8-4503,J0854.8-4504,,J0854.8-4503,J0854.8-4504,,J0854.8-4503,J0854.8-4504,,J0854.8-4503,,,NA,NA,NA,NA
36,J0744.1-2523,18.1,116.045,−25.3994,0.97,0.38,MSP/YNG,J0744.0-2525,,J0744.1-2523,J0744.0-2525,bin,J0744.1-2523,J0744.0-2525,PSR,J0744.1-2523,J0744.0-2525,PSR,J0744.1-2523,"[2.3115530014038086, 2.061060905456543, 1.980044960975647, 6.112335205078125, -30.500044836467254, -29.976423575408802, -27.43529077004136, -30.03162416407811, -22.815586754797497, 0.458021342754364, 0.0, 10.803962707519531, 32.81658172607422, -0.17447957442291184, -0.2741344696710769, -0.4510375805129462, -0.6678581859755741, -0.9999950465954798, 0.9947516447701631, -0.991102983557788]",[0],PSR,PSR,PSR,PSR
37,J0002.6+6218,17.97,0.674,62.3006,0.99,0.81,YNG/YNG,J0002.8+6217,PSR,J0002.6+6218,J0002.8+6217,PSR,J0002.6+6218,J0002.8+6217,PSR,J0002.6+6218,J0002.8+6217,PSR,J0002.6+6218,"[2.4791054725646973, 2.36098575592041, 2.251392364501953, 13.166126251220703, -30.42054554409942, -29.960213684989697, -27.266886406518736, -29.99097694724387, -22.988639747280146, 0.3958846628665924, 0.047219034284353256, 11.000743865966797, 32.33150863647461, 0.9676254599743911, -0.24337672362013685, -0.579244215179305, -0.7459349350433988, -0.9747804027674097, -0.9998903937366408, -0.999391804279442]",[0],PSR,PSR,PSR,PSR
38,J0336.1+7500,17.75,54.044,75.0153,0.95,0.72,MSP/MSP,J0336.0+7502,,J0336.1+7500,J0336.0+7502,,J0336.1+7500,J0336.0+7502,lmb,J0336.1+7500,J0336.0+7502,lmb,J0336.1+7500,,,NA,NA,NA,NA
39,J1800.8-2402,17.48,270.222,−24.0351,0.98,0.77,YNG/YNG,,,,,,,,,,,,,,,NA,NA,NA,NA
40,J1754.0-2538,16.84,268.508,−25.6486,0.95,0.79,YNG/YNG,,,,,,,,,,,,,,,NA,NA,NA,NA
41,J1823.2-1339,16.64,275.82,−13.6513,1.0,0.8,YNG/YNG,J1823.3-1340,,J1823.2-1339,J1823.3-1340,,J1823.2-1339,J1823.3-1340,,J1823.2-1339,J1823.3-1340,,J1823.2-1339,,,NA,NA,NA,NA
42,J1208.4-6239,16.23,182.12,−62.6612,0.98,0.75,YNG/YNG,J1208.2-6237,PSR,J1208.4-6239,J1208.2-6237,PSR,J1208.4-6239,J1208.2-6237,PSR,J1208.4-6239,J1208.2-6237,PSR,J1208.4-6239,"[2.3972949981689453, 2.472498655319214, 2.346879005432129, 11.097777366638184, -31.39007741632482, -31.045892464982565, -26.242914531638686, -31.038281761076593, -22.128538701741476, 0.24621742963790894, 0.04422586038708687, 8.360869407653809, 30.455080032348633, 0.746388478530406, 0.1705392250837518, -0.618710105498009, -0.6146027091851657, -0.8697067236832597, -0.7916639137114209, -0.9996239441092936]",[0],PSR,PSR,PSR,PSR
43,J1650.3-4600,16.18,252.599,−46.0141,0.99,0.84,YNG/YNG,J1650.3-4600,PSR,J1650.3-4600,J1650.3-4600,PSR,J1650.3-4600,J1650.3-4600,PSR,J1650.3-4600,J1650.3-4600,PSR,J1650.3-4600,"[2.4828884601593018, 2.455848455429077, 2.3356680870056152, 13.953595161437988, -30.349890322203457, -29.899886051164525, -25.85003018482137, -29.907283739165422, -21.67316844071468, 0.42846792936325073, 0.06926136463880539, 11.344340324401855, 29.890661239624023, 0.9923289021353412, -0.43882501331789064, -0.5301460863169882, -0.6654446438951032, -0.9719716189934233, -0.8216155169598728, 0.5438407951356995]",[0],PSR,PSR,PSR,PSR
44,J1650.3-4600,16.18,252.599,−46.0141,0.99,0.84,YNG/YNG,J1650.3-4600,PSR,J1650.3-4600,J1650.3-4600,PSR,J1650.3-4600,J1652.2-4633e,,J1650.3-4600,J1650.3-4600,PSR,J1650.3-4600,,,NA,NA,NA,NA
51,J1056.7-5853,16.11,164.179,−58.8960,1.0,0.67,YNG/YNG,J1056.9-5852,PSR,J1056.7-5853,J1056.9-5852,PSR,J1056.7-5853,J1056.9-5852,PSR,J1056.7-5853,J1056.9-5852,PSR,J1056.7-5853,"[2.6253905296325684, 2.178783893585205, 2.1021082401275635, 2.2150349617004395, -29.911164799423773, -29.405456513226945, -27.131215894520736, -29.328738344563316, -22.628236422970296, 0.9474231004714966, 0.0, 9.427313804626465, 19.932247161865234, -0.9971672953333311, 0.9976581709372528, -0.3547795469717053, -0.878570930946807, -0.9999617661014442, 0.6206193375264054, -0.9970789693354032]",[0],PSR,PSR,PSR,PSR
52,J1112.0-6135,15.69,168.017,−61.5842,0.97,0.65,YNG/YNG,,,,,,,,,,,,,,,NA,NA,NA,NA
53,J0914.5-4736,15.57,138.641,−47.6152,0.5,0.39,YNG/YNG,,,,,,,,,,,,,,,NA,NA,NA,NA
54,J1358.5-6025,15.43,209.643,−60.4298,1.0,0.7,YNG/YNG,J1358.3-6026,,J1358.5-6025,J1358.3-6026,,J1358.5-6025,J1358.3-6026,PSR,J1358.5-6025,J1358.3-6026,PSR,J1358.5-6025,"[2.5120887756347656, 2.4779610633850098, 2.3668570518493652, 5.924801826477051, -30.495706854823833, -30.097170981188928, -26.34526144426211, -30.090331584135956, -22.34735924516787, 0.2982012927532196, 0.0, 8.16248607635498, 25.1544246673584, -0.09915785073152396, -0.4290745213675322, -0.5420302982845915, -0.7256732786142934, -0.8927468205842719, -0.9654273297492061, -0.9994611113295307]",[0],PSR,PSR,PSR,PSR
55,J1104.9-6036,15.4,166.248,−60.6091,1.0,0.85,YNG/YNG,J1104.9-6037,PSR,J1104.9-6036,J1104.9-6037,PSR,J1104.9-6036,J1104.9-6037,PSR,J1104.9-6036,J1104.9-6037,PSR,J1104.9-6036,"[2.497103214263916, 2.388188362121582, 2.2907755374908447, 6.898196697235107, -30.561998619413703, -30.129536838496033, -26.3697933148512, -30.15328793921868, -22.271686233680374, 0.4123631715774536, 0.0, 9.801854133605957, 27.44247817993164, 0.02026214583364178, -0.3760570264763843, -0.5210596346408544, -0.6870067606923957, -0.9178880267096857, -0.9999967428237443, 0.4830563626579507]",[0],PSR,PSR,PSR,PSR
56,J0545.6+6019,15.39,86.415,60.3219,0.56,0.37,MSP/MSP,J0545.7+6016,,J0545.6+6019,J0545.7+6016,,J0545.6+6019,J0545.7+6016,,J0545.6+6019,J0545.7+6016,,J0545.6+6019,,,NA,NA,NA,NA
57,J1742.6-3321,15.31,265.665,−33.3562,1.0,0.83,YNG/YNG,,,,,,,,,,,,,,,NA,NA,NA,NA
58,J1857.9+0210,15.19,284.49,2.1704,1.0,0.85,YNG/YNG,,,,,,,,,,,,,,,NA,NA,NA,NA
59,J1740.5-2843,15.13,265.125,−28.7170,1.0,0.76,YNG/YNG,,,,,,,,,,,,,,,NA,NA,NA,NA
60,J1748.3-2815c,15.11,267.092,−28.2589,0.98,0.78,YNG/YNG,,,,,,,,,,,,,,,NA,NA,NA,NA
61,J1754.0-2930,15.03,268.5,−29.5059,0.99,0.65,YNG/YNG,,,,,,,,,,,,,,,NA,NA,NA,NA
62,J0238.0+5237,14.99,39.505,52.6256,0.97,0.65,MSP/MSP,J0237.8+5238,,J0238.0+5237,J0237.8+5238,,J0238.0+5237,J0237.8+5238,,J0238.0+5237,J0237.8+5238,,J0238.0+5237,,,NA,NA,NA,NA
63,J1839.3-0552,14.92,279.848,−5.8816,1.0,0.88,YNG/YNG,J1839.4-0553,unk,J1839.3-0552,J1839.4-0553,unk,J1839.3-0552,J1839.4-0553,unk,J1839.3-0552,J1839.4-0553,unk,J1839.3-0552,,,NA,NA,NA,NA
64,J2117.6+3725,14.5,319.421,37.4256,0.98,0.3,MSP/MSP,J2117.9+3729,,J2117.6+3725,J2117.9+3729,,J2117.6+3725,J2117.9+3729,,J2117.6+3725,J2117.9+3729,,J2117.6+3725,,,NA,NA,NA,NA
65,J0419.1+6636,14.47,64.778,66.6049,0.26,0.33,MSP/MSP,J0418.9+6636,,J0419.1+6636,J0418.9+6636,,J0419.1+6636,J0418.9+6636,MSP,J0419.1+6636,J0418.9+6636,MSP,J0419.1+6636,"[2.2372241020202637, 2.002268075942993, 1.9289973974227905, 8.747476577758789, -31.22273620166664, -30.788589263403132, -28.016070968663886, -30.847196286306822, -23.353923774180586, 0.3256796598434448, 0.0, 9.074563026428223, 32.804718017578125, 0.9996843437831568, -0.2623015565599591, -0.42806554045859246, -0.5646373724101795, -0.9110281632133757, -0.8467891261547043, -0.9996653137883756]",[0],PSR,PSR,PSR,PSR
66,J2212.5+0703,14.28,333.147,7.0598,0.69,0.4,MSP/MSP,J2212.4+0708,,J2212.5+0703,J2212.4+0708,,J2212.5+0703,J2212.4+0708,,J2212.5+0703,J2212.4+0708,,J2212.5+0703,,,NA,NA,NA,NA
67,J1447.3-5800,14.23,221.831,−58.0049,1.0,0.61,YNG/YNG,J1447.4-5757,,J1447.3-5800,J1447.4-5757,,J1447.3-5800,J1447.4-5757,PSR,J1447.3-5800,J1447.4-5757,PSR,J1447.3-5800,"[2.6870133876800537, 2.6725666522979736, 2.5409297943115234, 6.548908710479736, -29.56186046356167, -29.082695378896524, -26.678050818003456, -29.07888385816159, -22.695880729107394, 0.4566495716571808, 0.0, 8.429332733154297, 20.962345123291016, 0.981780534306477, -0.2902192191863465, -0.707654003751449, -0.8988387697264781, -0.9032407734789489, -0.99982444392219, -0.9979939581297693]",[0],PSR,PSR,PSR,PSR
68,J0426.7+5437,14.19,66.681,54.6168,1.0,0.71,YNG/YNG,J0426.5+5434,,J0426.7+5437,J0426.5+5434,,J0426.7+5437,J0426.5+5434,,J0426.7+5437,J0426.5+5434,,J0426.7+5437,,,NA,NA,NA,NA
69,J0858.6-4357,14.13,134.657,−43.9582,0.94,0.56,YNG/YNG,,,,,,,,,,,,,,,NA,NA,NA,NA
70,J0953.7-1510,14.0,148.429,−15.1745,0.97,0.88,MSP/MSP,J0953.6-1509,,J0953.7-1510,J0953.6-1509,,J0953.7-1510,J0953.6-1509,,J0953.7-1510,J0953.6-1509,,J0953.7-1510,,,NA,NA,NA,NA
71,J1901.5-0126,13.97,285.399,−1.4481,0.31,0.26,YNG/YNG,J1901.4-0126,PSR,J1901.5-0126,J1901.4-0126,PSR,J1901.5-0126,J1901.4-0126,MSP,J1901.5-0126,J1901.4-0126,MSP,J1901.5-0126,"[2.4165494441986084, 2.164389133453369, 2.090243339538574, 13.919856071472168, -30.25643777690161, -29.8456762294842, -27.091980276305794, -29.888313414910122, -22.688989612586703, 0.3458103537559509, 0.09610999375581741, 7.829286098480225, 26.509418487548828, 0.9670195348304973, 0.021567755186902293, -0.514635248579623, -0.6708852985549626, -0.8757336331527681, -0.9999999777824219, 0.9948467219144871]",[0],PSR,PSR,PSR,PSR
72,J1624.1-4700,13.9,246.042,−47.0058,0.88,0.58,YNG/YNG,,,,,,,,,,,,,,,NA,NA,NA,NA
73,J0838.8-2829,13.74,129.704,−28.4892,0.6,0.57,MSP/MSP,J0838.7-2827,unk,J0838.8-2829,J0838.7-2827,bin,J0838.8-2829,J0838.7-2827,bin,J0838.8-2829,J0838.7-2827,bin,J0838.8-2829,,,NA,NA,NA,NA
74,J1852.8+0158,13.71,283.209,1.9722,0.98,0.78,YNG/YNG,,,,J1852.6+0203,,J1852.8+0158,J1852.6+0203,,J1852.8+0158,J1852.6+0203,,J1852.8+0158,,,NA,NA,NA,NA
75,J1317.6-6315,13.53,199.403,−63.2598,0.97,0.64,YNG/YNG,J1317.5-6316,,J1317.6-6315,J1317.5-6316,,J1317.6-6315,J1317.5-6316,,J1317.6-6315,J1317.5-6316,,J1317.6-6315,,,NA,NA,NA,NA
76,J1231.6-5113,13.45,187.902,−51.2210,0.99,0.39,YNG/MSP,J1231.6-5116,,J1231.6-5113,J1231.6-5116,,J1231.6-5113,J1231.6-5116,PSR,J1231.6-5113,J1231.6-5116,PSR,J1231.6-5113,"[2.579300880432129, 2.238433837890625, 2.1195003986358643, 10.38902759552002, -29.282802494367573, -28.710984521123876, -27.94833913713236, -28.746811600544902, -23.401075225050267, 0.6577098369598389, 0.0, 11.669731140136719, 28.22508430480957, 0.9923860914308407, -0.23094889426306053, -0.671113441388182, -0.989183175494662, -0.9993710163844437, -0.7387372396424534, -0.6176556618907196]",[0],PSR,PSR,PSR,PSR
77,J1641.5-5319,13.22,250.378,−53.3237,0.99,0.57,YNG/MSP,J1641.2-5317,PSR,J1641.5-5319,J1641.2-5317,PSR,J1641.5-5319,J1641.2-5317,PSR,J1641.5-5319,J1641.2-5317,PSR,J1641.5-5319,"[2.4674453735351562, 2.2008516788482666, 2.1011247634887695, 8.904581069946289, -30.155656940298808, -29.66408435630605, -27.44681387266314, -29.693425534565986, -22.920546975332744, 0.5297417044639587, 0.0, 9.944942474365234, 27.756183624267578, 0.9796290377182977, 0.018827702370170542, -0.5437350498257851, -0.7884629224216031, -0.999716165694074, 0.9801451751632402, -0.999850541657296]",[0],PSR,PSR,PSR,PSR
78,J1120.6+0713,13.18,170.172,7.2235,0.11,0.45,MSP/MSP,J1120.6+0713,bcu,J1120.6+0713,J1120.6+0713,bcu,J1120.6+0713,J1120.6+0713,bcu,J1120.6+0713,J1120.6+0713,bcu,J1120.6+0713,"[2.1339590549468994, 1.7694761753082275, 1.6656829118728638, 13.761868476867676, -31.05065615384483, -30.516471987027536, -28.40141348198608, -30.561190352791687, -23.427317581239425, 0.4415677785873413, 0.11406157165765762, 8.45891284942627, 27.04538917541504, -0.6450350974000506, 0.32747841731138355, -0.31073036276578303, -0.5881014724811596, -0.9995706546390197, 0.952528976308705, -0.9996931396232955]",[1],PSR,PSR,PSR,PSR
79,J1026.2-5730,13.14,156.56,−57.5166,0.96,0.85,YNG/YNG,J1026.2-5731,,J1026.2-5730,J1026.2-5731,,J1026.2-5730,J1026.2-5731,,J1026.2-5730,J1026.2-5731,,J1026.2-5730,,,NA,NA,NA,NA
80,J1843.7-0322,13.09,280.928,−3.3772,1.0,0.7,YNG/YNG,J1843.7-0326,,J1843.7-0322,J1843.7-0326,,J1843.7-0322,J1843.7-0326,,J1843.7-0322,J1843.7-0326,,J1843.7-0322,,,NA,NA,NA,NA
81,J0223.6+6204,12.88,35.906,62.0811,1.0,0.86,YNG/YNG,J0222.4+6156e,snr,J0223.6+6204,J0222.4+6156e,snr,J0223.6+6204,J0222.4+6156e,snr,J0223.6+6204,,,,,,NA,NA,NA,NA
82,J0737.2-3233,12.87,114.314,−32.5588,0.98,0.51,YNG/MSP,J0736.9-3231,,J0737.2-3233,J0736.9-3231,,J0737.2-3233,J0736.9-3231,,J0737.2-3233,J0736.9-3231,,J0737.2-3233,,,NA,NA,NA,NA
83,J1503.5-5801,12.8,225.893,−58.0294,0.92,0.51,YNG/YNG,J1503.7-5801,bcu,J1503.5-5801,J1503.7-5801,bcu,J1503.5-5801,J1503.7-5801,bcu,J1503.5-5801,J1503.7-5801,bcu,J1503.5-5801,"[2.554786443710327, 2.5468156337738037, 2.460344076156616, 9.549095153808594, -30.12326938616414, -29.747426601974503, -26.11522325523545, -29.751301836359016, -22.28611800492102, 0.23960985243320465, 0.0, 6.140142917633057, 24.802766799926758, 0.9999979682535179, -0.34302142835689564, -0.6173965489549271, -0.7714201732787973, -0.8531871695707778, -0.8445368901338546, 0.26330812290217503]",[1],PSR,PSR,PSR,PSR
84,J0318.1+0252,12.76,49.536,2.8695,0.88,0.82,MSP/MSP,J0318.2+0254,PSR,J0318.1+0252,J0318.2+0254,PSR,J0318.1+0252,J0318.2+0254,MSP,J0318.1+0252,J0318.2+0254,MSP,J0318.1+0252,"[2.2091991901397705, 1.7846534252166748, 1.711447834968567, 10.849127769470215, -31.0586290190431, -30.501893906715434, -28.356071750904984, -30.565315848498326, -23.36172600380459, 0.5474545955657959, 0.0, 8.199241638183594, 26.141681671142578, -0.6310805620810289, 0.01981591673177889, -0.3485144880328476, -0.6077007701010303, -0.9999999832536772, 0.9541123571510886, 0.9108022633284693]",[0],PSR,PSR,PSR,PSR
85,J1740.5-2726,12.75,265.134,−27.4500,1.0,0.7,YNG/YNG,,,,,,,,,,,,,,,NA,NA,NA,NA
86,J2233.1+6542,12.69,338.279,65.7148,0.98,0.32,YNG/YNG,,,,,,,,,,,,,,,NA,NA,NA,NA
87,J1857.2+0059,12.39,284.31,0.9863,0.99,0.79,YNG/YNG,J1857.1+0056,,J1857.2+0059,J1857.1+0056,,J1857.2+0059,J1857.1+0056,,J1857.2+0059,J1857.1+0056,,J1857.2+0059,,,NA,NA,NA,NA
88,J2103.7-1113,12.33,315.942,−11.2291,0.3,0.42,MSP/MSP,J2103.7-1112,bcu,J2103.7-1113,J2103.7-1112,bcu,J2103.7-1113,J2103.7-1112,bcu,J2103.7-1113,J2103.7-1112,bcu,J2103.7-1113,"[2.1480677127838135, 1.8199480772018433, 1.7405039072036743, 22.1992244720459, -31.109803504608497, -30.54365335624563, -28.475271536117233, -30.606845480812286, -23.408579992733024, 0.4820381999015808, 0.19397233426570892, 8.709420204162598, 25.320423126220703, -0.7219548816802609, 0.056744728761888644, -0.2614577727073709, -0.670010695482322, -0.8825144512169111, -0.9997997304363544, -0.9207516068852513]",[1],PSR,PSR,PSR,AGN
89,J0802.3-5610,12.31,120.583,−56.1688,0.87,0.41,MSP/MSP,J0802.1-5612,,J0802.3-5610,J0802.1-5612,,J0802.3-5610,J0802.1-5612,PSR,J0802.3-5610,J0802.1-5612,PSR,J0802.3-5610,"[2.374779224395752, 1.9941343069076538, 1.9048579931259155, 5.604758262634277, -30.648543925765782, -30.038017048122853, -28.14022477422511, -30.06567467794415, -23.358558142191743, 0.7162171602249146, 0.0, 9.8180513381958, 23.784170150756836, 0.6808839155227883, 0.255817750779307, -0.3694018786997921, -0.824595463946481, -0.9999987550384862, -0.23093559691611837, 0.7696325871904971]",[0],PSR,PSR,PSR,PSR
90,J1350.4-6224,12.31,207.622,−62.4120,0.98,0.79,YNG/YNG,J1350.6-6224,PSR,J1350.4-6224,J1350.6-6224,PSR,J1350.4-6224,J1350.6-6224,PSR,J1350.4-6224,J1350.6-6224,PSR,J1350.4-6224,"[2.442125082015991, 2.2232673168182373, 2.161142349243164, 6.708247184753418, -30.933905358151595, -30.46623358841365, -26.213828775565165, -30.503599250605127, -21.878580131871654, 0.4792588949203491, 0.0, 10.186077117919922, 30.44658851623535, 0.9770876656370836, -0.4292961628709331, -0.2732277799694925, -0.6025900777341594, -0.9197092661445383, -0.9998099569945011, -0.7845408908771808]",[0],PSR,PSR,PSR,PSR
91,J1139.0-6244,12.23,174.751,−62.7368,0.98,0.54,YNG/YNG,,,,,,,,,,,,,,,NA,NA,NA,NA
92,J0847.4-4327,12.2,131.863,−43.4587,0.47,0.61,YNG/YNG,,,,,,,,,,,,,,,NA,NA,NA,NA
93,J0758.6-1451,12.06,119.656,−14.8661,0.95,0.54,MSP/MSP,J0758.8-1450,,J0758.6-1451,J0758.8-1450,,J0758.6-1451,J0758.8-1450,,J0758.6-1451,J0758.8-1450,,J0758.6-1451,,,NA,NA,NA,NA
94,J0039.3+6256,11.99,9.834,62.9415,0.92,0.89,MSP/MSP,J0039.1+6257,,J0039.3+6256,J0039.1+6257,,J0039.3+6256,J0039.1+6257,,J0039.3+6256,J0039.1+6257,,J0039.3+6256,,,NA,NA,NA,NA
95,J2035.0+3634,11.92,308.758,36.5814,0.94,0.77,MSP/MSP,J2035.0+3632,,J2035.0+3634,J2035.0+3632,psr,J2035.0+3634,J2035.0+3632,MSP,J2035.0+3634,J2035.0+3632,MSP,J2035.0+3634,"[2.1723601818084717, 1.7582111358642578, 1.6347867250442505, 12.77185344696045, -31.631778262353176, -30.94154086118945, -27.886194924029805, -30.976351971751583, -22.709111355748334, 0.8299819827079773, 0.06445809453725815, 13.478242874145508, 28.970842361450195, -0.9876801313860584, 0.9999640095020703, 0.0705239337101879, -0.42485790582865074, -0.9270923653096662, -0.9999862144270595, -0.9822499749915511]",[0],PSR,PSR,PSR,PSR
96,J2048.8+4436,11.89,312.224,44.6082,0.99,0.48,YNG/YNG,,,,,,,J2049.3+4440c,,J2048.8+4436,J2049.3+4440c,,J2048.8+4436,,,NA,NA,NA,NA
97,J1329.8-6109,11.85,202.468,−61.1620,0.94,0.55,MSP/MSP,J1329.9-6108,,J1329.8-6109,J1329.9-6108,,J1329.8-6109,J1329.9-6108,,J1329.8-6109,J1329.9-6108,,J1329.8-6109,,,NA,NA,NA,NA
98,J1813.6-1148,11.84,273.423,−11.8084,1.0,0.68,YNG/YNG,J1813.7-1152,,J1813.6-1148,J1813.7-1152,,J1813.6-1148,J1813.7-1152,,J1813.6-1148,J1813.7-1152,,J1813.6-1148,,,NA,NA,NA,NA
99,J2038.4+4212,11.76,309.625,42.2085,0.96,0.73,YNG/YNG,J2038.4+4212,,J2038.4+4212,J2038.4+4212,,J2038.4+4212,J2038.4+4212,,J2038.4+4212,J2038.4+4212,,J2038.4+4212,,,NA,NA,NA,NA
100,J1749.2-2911,11.72,267.315,−29.1929,1.0,0.87,YNG/YNG,,,,,,,,,,,,,,,NA,NA,NA,NA
101,J2023.5+4126,11.63,305.876,41.4337,0.98,0.53,YNG/YNG,J2023.4+4127,bcu,J2023.5+4126,J2023.4+4127,bcu,J2023.5+4126,J2023.4+4127,bcu,J2023.5+4126,J2023.4+4127,bcu,J2023.5+4126,"[2.2167980670928955, 2.196409225463867, 2.155820608139038, 15.03455924987793, -32.78075994874685, -32.59039123707539, -26.87229212667026, -32.660675107545714, -22.58744139233886, 0.06898012012243271, 0.20956914126873016, 1.3576213121414185, 10.109816551208496, -0.9999534421985937, 0.9971794767025091, -0.36308592358874975, -0.6341744364588602, -0.7127670249159943, -0.2493813027191869, -0.9999282188987332]",[1],AGN,AGN,AGN,AGN
102,J1528.3-5836,11.53,232.078,−58.6077,0.59,0.65,MSP/MSP,J1528.4-5838,PSR,J1528.3-5836,J1528.4-5838,PSR,J1528.3-5836,J1528.4-5838,PSR,J1528.3-5836,J1528.4-5838,PSR,J1528.3-5836,"[2.4271957874298096, 2.09191632270813, 2.0160396099090576, 6.859774589538574, -30.680793019172306, -30.167876239509134, -27.142952031853675, -30.20770486898544, -22.59353305375724, 0.5626794099807739, 0.0, 10.1477689743042, 27.518585205078125, 0.9553686867645745, 0.2534654672287389, -0.3447889040220449, -0.6399491619552017, -0.9468856170550186, -0.9998949506928755, 0.4283358067516264]",[0],PSR,PSR,PSR,PSR
103,J1650.0-4438c,11.5,252.507,−44.6387,0.92,0.56,YNG/YNG,J1649.3-4441,,J1650.0-4438c,J1649.3-4441,,J1650.0-4438c,J1649.3-4441,,J1650.0-4438c,J1649.3-4441,,J1650.0-4438c,,,NA,NA,NA,NA
104,J1557.0-4225,11.46,239.264,−42.4218,0.98,0.32,YNG/YNG,,,,,,,,,,,,,,,NA,NA,NA,NA
105,J1016.5-6034,11.34,154.135,−60.5764,0.49,0.33,MSP/MSP,J1015.5-6030,,J1016.5-6034,J1015.5-6030,,J1016.5-6034,J1015.5-6030,psr,J1016.5-6034,J1015.5-6030,psr,J1016.5-6034,"[2.7923471927642822, 2.880058526992798, 2.8020169734954834, 6.690898895263672, -29.882143126556638, -29.62048202880548, -26.89157823581863, -29.535098853313123, -23.24573859799687, 0.14128543436527252, 0.0, 2.853879451751709, 15.175023078918457, -0.17339114056684118, -0.594718408582259, -0.820649029026297, -0.8376596443864494, -0.722687806393126, -0.6393452200478275, -0.7122074378444484]",[0],AGN,AGN,PSR,AGN
106,J2032.5+3921,11.31,308.139,39.3589,0.91,0.72,YNG/YNG,,,,,,,,,,,,,,,NA,NA,NA,NA
107,J1033.0-5945,11.3,158.266,−59.7513,0.93,0.44,YNG/YNG,,,,,,,,,,,,,,,NA,NA,NA,NA
108,J1552.8-5330,11.2,238.212,−53.5131,1.0,0.85,YNG/YNG,,,,,,,,,,,,,,,NA,NA,NA,NA
109,J1753.6-4447,11.12,268.404,−44.7930,0.75,0.68,MSP/MSP,,,,,,,,,,,,,,,NA,NA,NA,NA
110,J1037.9-5843,11.11,159.488,−58.7300,0.92,0.62,YNG/YNG,,,,,,,,,,,,,,,NA,NA,NA,NA
111,J0541.1+3553,10.94,85.277,35.8975,0.99,0.69,YNG/YNG,,,,,,,,,,,,,,,NA,NA,NA,NA
112,J0312.1-0921,10.92,48.041,−9.3593,0.74,0.52,MSP/MSP,J0312.1-0921,,J0312.1-0921,J0312.1-0921,psr,J0312.1-0921,J0312.1-0921,MSP,J0312.1-0921,J0312.1-0921,MSP,J0312.1-0921,"[2.222136974334717, 1.7834593057632446, 1.7085689306259155, 9.727065086364746, -30.787631973338208, -30.17103429142136, -28.476014698921492, -30.2238535788075, -23.41711947540234, 0.6453341841697693, 0.0, 9.208873748779297, 24.225976943969727, 0.9930409537433916, 0.548545155493994, -0.36706496041312, -0.7312728917941541, -0.973161083861737, -0.9999999858606394, 0.9986624630324222]",[0],PSR,PSR,PSR,PSR
113,J0855.4-4818,10.88,133.855,−48.3163,0.99,0.68,YNG/YNG,,,,,,,,,,,,,,,NA,NA,NA,NA
114,J1919.9+1407,10.88,289.981,14.1179,0.52,0.68,YNG/YNG,,,,,,,,,,,,,,,NA,NA,NA,NA
115,J1544.6-1125,10.85,236.17,−11.4275,0.64,0.29,MSP/MSP,J1544.5-1126,bcu,J1544.6-1125,J1544.5-1126,lmb,J1544.6-1125,J1544.5-1126,lmb,J1544.6-1125,J1544.5-1126,lmb,J1544.6-1125,,,NA,NA,NA,NA
116,J2042.4+4209,10.74,310.614,42.1532,0.62,0.52,YNG/YNG,,,,,,,J2042.1+4209,bcu,J2042.4+4209,J2042.1+4209,bcu,J2042.4+4209,"[2.536137342453003, 2.729804515838623, 2.55387806892395, 12.07117748260498, -30.149683275065588, -29.69119456551611, -26.503932834070753, -29.667761663664127, -22.373045055922123, 0.4959232211112976, 0.11455313116312027, 5.76641845703125, 10.827678680419922, -0.9918221786061937, 0.8472516836512649, -0.4621227440479514, -0.8464578754516535, -0.9684956543279241, -0.6956508909092723, -0.017302728362371712]",[1],PSR,PSR,PSR,PSR
117,J1737.9-2511,10.73,264.476,−25.1858,0.97,0.54,YNG/YNG,,,,,,,J1738.2-2510,,J1737.9-2511,J1738.2-2510,,J1737.9-2511,,,NA,NA,NA,NA
118,J2333.0-5525,10.72,353.264,−55.4265,0.1,0.18,MSP/MSP,J2333.1-5527,,J2333.0-5525,J2333.1-5527,bin,J2333.0-5525,J2333.1-5527,msp,J2333.0-5525,J2333.1-5527,MSP,J2333.0-5525,"[2.2580971717834473, 1.9410004615783691, 1.930008888244629, 5.608833312988281, -30.667599344636155, -30.314948081930137, -28.502987908334106, -30.38940291561306, -23.83305358477709, 0.26005882024765015, 0.0, 4.834445476531982, 24.092409133911133, -0.4205383635121063, -0.28735939090841467, -0.4627196801366648, -0.6483943839968543, -0.8582184085913718, -0.9999993280442429, 0.5312912209897341]",[0],AGN,PSR,PSR,AGN
119,J2039.4+4111,10.72,309.854,41.1982,0.94,0.7,YNG/YNG,,,,,,,,,,,,,,,NA,NA,NA,NA
120,J1616.8-5343,10.63,244.205,−53.7243,0.88,0.43,MSP/YNG,J1616.6-5341,,J1616.8-5343,J1616.6-5341,,J1616.8-5343,J1616.6-5341,,J1616.8-5343,J1616.6-5341,,J1616.8-5343,,,NA,NA,NA,NA
121,J0857.6-4258,10.62,134.409,−42.9824,0.76,0.5,YNG/YNG,,,,,,,J0857.7-4256c,,J0857.6-4258,J0857.7-4256c,,J0857.6-4258,,,NA,NA,NA,NA
122,J1518.2-5232,10.36,229.571,−52.5349,0.36,0.35,MSP/MSP,J1517.9-5233,,J1518.2-5232,J1517.9-5233,,J1518.2-5232,J1517.9-5233,,J1518.2-5232,J1517.9-5233,,J1518.2-5232,,,NA,NA,NA,NA
123,J2034.6+4302,10.34,308.67,43.0390,0.99,0.74,YNG/YNG,,,,,,,,,,,,,,,NA,NA,NA,NA
124,J0641.1+1004,10.22,100.286,10.0833,0.61,0.24,YNG/YNG,,,,,,,,,,,,,,,NA,NA,NA,NA
125,J1652.8-4351,10.2,253.203,−43.8566,0.96,0.67,YNG/YNG,J1653.2-4349,,J1652.8-4351,J1653.2-4349,,J1652.8-4351,J1653.2-4349,,J1652.8-4351,J1653.2-4349,,J1652.8-4351,,,NA,NA,NA,NA
126,J1627.8+3217,10.17,246.968,32.2988,0.39,0.38,MSP/MSP,J1627.7+3219,,J1627.8+3217,J1627.7+3219,psr,J1627.8+3217,J1627.7+3219,msp,J1627.8+3217,J1627.7+3219,MSP,J1627.8+3217,"[2.1159374713897705, 1.722108006477356, 1.6484465599060059, 7.475212574005127, -31.606929483475657, -31.01666240813351, -28.78457411473508, -31.081278690574244, -23.699599597845868, 0.5535398721694946, 0.0, 7.930502891540527, 22.502016067504883, -0.751103502415259, -0.31796372301646886, -0.09820464423557937, -0.6245019709910414, -0.9803769583435299, -0.20430021095658762, 0.23558887588499403]",[0],PSR,PSR,PSR,PSR
127,J2133.0-6433,10.13,323.259,−64.5535,0.12,0.53,MSP/MSP,J2133.1-6432,,J2133.0-6433,J2133.1-6432,,J2133.0-6433,J2133.1-6432,,J2133.0-6433,J2133.1-6432,,J2133.0-6433,,,NA,NA,NA,NA
128,J0915.8-5110,10.1,138.964,−51.1799,0.68,0.22,YNG/YNG,,,,,,,,,,,,,,,NA,NA,NA,NA
129,J1900.8+0337,10.1,285.205,3.6230,1.0,0.69,YNG/YNG,J1900.4+0339,,J1900.8+0337,J1900.4+0339,,J1900.8+0337,J1900.4+0339,,J1900.8+0337,J1900.4+0339,,J1900.8+0337,,,NA,NA,NA,NA
130,J1844.3-0344,10.06,281.1,−3.7468,1.0,0.84,YNG/YNG,J1844.4-0345,PSR,J1844.3-0344,J1844.4-0345,PSR,J1844.3-0344,J1844.4-0345,PSR,J1844.3-0344,J1844.4-0345,PSR,J1844.3-0344,"[2.5027201175689697, 2.4299657344818115, 2.312021017074585, 16.352018356323242, -30.341343963383224, -29.808876399867184, -25.955557264839122, -29.82971299402798, -21.51774161132727, 0.6447991728782654, 0.07892485707998276, 11.009419441223145, 24.47878646850586, -0.4171161272522047, 0.9397209185548175, -0.3707032120834151, -0.7098140261592026, -0.9504809831309409, -0.9989521411568983, 0.9948869602339403]",[0],PSR,PSR,PSR,PSR
131,J0940.6-7609,10.06,145.164,−76.1608,0.43,0.39,MSP/MSP,J0940.3-7610,,J0940.6-7609,J0940.3-7610,,J0940.6-7609,J0940.3-7610,lmb,J0940.6-7609,J0940.3-7610,lmb,J0940.6-7609,,,NA,NA,NA,NA
132,J1744.7-2252,10.05,266.181,−22.8695,0.95,0.47,YNG/YNG,,,,J1745.5-2249,,J1744.7-2252,J1745.5-2249,,J1744.7-2252,J1745.5-2249,,J1744.7-2252,,,NA,NA,NA,NA
133,J1727.7-2637,10.04,261.946,−26.6251,1.0,0.53,YNG/YNG,,,,,,,,,,,,,,,NA,NA,NA,NA
